{"genetico": {"ruta": [140, 5, 10, 143, 156, 195, 137, 6, 110, 74, 127, 103, 128, 167, 186, 97, 23, 124, 20, 72, 114, 118, 1, 75, 111, 183, 12, 71, 88, 184, 112, 82, 53, 154, 174, 11, 176, 84, 199, 187, 86, 153, 99, 108, 25, 151, 169, 194, 67, 30, 28, 76, 31, 59, 193, 160, 129, 191, 145, 77, 150, 52, 130, 7, 121, 148, 91, 161, 73, 102, 29, 90, 80, 46, 38, 70, 57, 56, 63, 132, 81, 177, 166, 89, 43, 146, 126, 192, 125, 44, 149, 185, 152, 0, 122, 98, 14, 116, 170, 54, 50, 64, 9, 19, 173, 147, 69, 95, 26, 45, 66, 164, 179, 105, 36, 120, 92, 117, 107, 157, 119, 115, 175, 22, 49, 138, 48, 79, 165, 100, 68, 180, 41, 32, 190, 42, 24, 15, 13, 144, 189, 55, 162, 142, 39, 106, 93, 94, 188, 131, 34, 51, 96, 168, 8, 17, 27, 60, 4, 139, 136, 65, 134, 37, 109, 141, 181, 159, 172, 133, 83, 18, 163, 196, 198, 47, 87, 21, 40, 197, 158, 62, 182, 35, 33, 85, 155, 135, 16, 113, 101, 104, 2, 78, 178, 171, 3, 61, 123, 58], "distancia": 1624.836068933031, "tiempo": 12.963886022567749}, "aco": {"ruta": [83, 150, 117, 76, 41, 88, 139, 109, 132, 84, 96, 68, 113, 93, 18, 16, 167, 26, 10, 158, 169, 79, 143, 28, 165, 101, 170, 102, 65, 31, 156, 20, 138, 106, 111, 17, 92, 151, 162, 63, 163, 62, 177, 2, 69, 95, 166, 120, 67, 130, 135, 193, 178, 123, 145, 36, 128, 164, 87, 32, 103, 46, 146, 131, 70, 184, 99, 90, 141, 21, 199, 134, 60, 179, 56, 100, 160, 174, 48, 75, 45, 1, 129, 7, 81, 4, 196, 185, 152, 161, 189, 180, 97, 44, 12, 82, 107, 66, 27, 42, 71, 173, 142, 112, 108, 19, 144, 29, 35, 59, 183, 125, 190, 57, 25, 37, 155, 54, 47, 40, 159, 181, 124, 0, 39, 153, 77, 22, 38, 43, 80, 188, 86, 34, 127, 51, 23, 119, 191, 110, 9, 94, 187, 175, 105, 74, 115, 64, 50, 3, 91, 49, 126, 176, 171, 154, 147, 15, 85, 53, 104, 121, 55, 24, 148, 13, 6, 118, 11, 192, 122, 149, 198, 157, 133, 195, 182, 172, 136, 98, 168, 137, 52, 186, 61, 72, 197, 8, 89, 58, 5, 140, 116, 78, 114, 194, 30, 73, 14, 33, 83], "distancia": 298.9704338015934, "tiempo": 530.583703994751}}