{
  "genetico": {
    "ruta": [
      48,
      49,
      126,
      128,
      8,
      136,
      153,
      97,
      25,
      56,
      145,
      172,
      40,
      87,
      114,
      149,
      159,
      75,
      107,
      138,
      165,
      28,
      80,
      119,
      78,
      150,
      35,
      190,
      162,
      42,
      66,
      148,
      121,
      154,
      125,
      83,
      161,
      22,
      51,
      144,
      163,
      101,
      47,
      70,
      16,
      93,
      41,
      27,
      142,
      137,
      19,
      158,
      5,
      39,
      98,
      60,
      57,
      124,
      67,
      105,
      11,
      45,
      18,
      179,
      139,
      113,
      173,
      174,
      120,
      168,
      185,
      157,
      147,
      76,
      196,
      10,
      177,
      117,
      167,
      104,
      85,
      100,
      160,
      103,
      175,
      184,
      99,
      132,
      182,
      21,
      31,
      151,
      17,
      169,
      130,
      36,
      127,
      94,
      131,
      180,
      15,
      59,
      133,
      3,
      13,
      183,
      189,
      89,
      69,
      84,
      92,
      96,
      140,
      197,
      6,
      12,
      71,
      62,
      63,
      170,
      191,
      23,
      54,
      88,
      171,
      178,
      65,
      102,
      29,
      95,
      79,
      32,
      198,
      37,
      129,
      193,
      123,
      0,
      46,
      192,
      115,
      64,
      50,
      110,
      109,
      116,
      14,
      58,
      122,
      152,
      112,
      4,
      68,
      166,
      135,
      155,
      30,
      73,
      7,
      141,
      181,
      72,
      143,
      61,
      164,
      81,
      26,
      55,
      53,
      1,
      52,
      20,
      188,
      9,
      33,
      2,
      194,
      106,
      111,
      156,
      199,
      195,
      118,
      77,
      34,
      74,
      82,
      134,
      108,
      38,
      186,
      24,
      90,
      86,
      187,
      146,
      43,
      176,
      91,
      44
    ],
    "distancia": 1607.8442320985746,
    "tiempo": 26.75013256072998
  },
  "aco": {
    "ruta": [
      120,
      167,
      16,
      18,
      93,
      113,
      68,
      96,
      135,
      130,
      84,
      132,
      193,
      178,
      123,
      145,
      36,
      128,
      164,
      87,
      32,
      103,
      46,
      146,
      131,
      70,
      184,
      99,
      141,
      90,
      21,
      199,
      182,
      60,
      179,
      56,
      174,
      109,
      139,
      88,
      41,
      129,
      1,
      45,
      75,
      160,
      100,
      48,
      134,
      7,
      81,
      4,
      196,
      185,
      152,
      161,
      189,
      180,
      97,
      44,
      12,
      19,
      144,
      29,
      35,
      59,
      183,
      125,
      190,
      57,
      25,
      37,
      155,
      54,
      47,
      40,
      159,
      181,
      124,
      0,
      39,
      153,
      77,
      22,
      38,
      43,
      80,
      188,
      86,
      94,
      187,
      175,
      105,
      115,
      50,
      64,
      110,
      9,
      74,
      34,
      127,
      51,
      23,
      119,
      191,
      195,
      133,
      157,
      198,
      192,
      122,
      149,
      11,
      118,
      24,
      148,
      121,
      55,
      85,
      15,
      171,
      154,
      147,
      3,
      91,
      49,
      126,
      176,
      53,
      104,
      13,
      6,
      82,
      107,
      66,
      27,
      42,
      71,
      173,
      142,
      112,
      108,
      197,
      72,
      61,
      186,
      52,
      73,
      98,
      168,
      137,
      136,
      172,
      166,
      95,
      67,
      162,
      63,
      151,
      92,
      17,
      111,
      106,
      138,
      114,
      31,
      65,
      170,
      102,
      78,
      20,
      156,
      116,
      140,
      5,
      58,
      89,
      8,
      101,
      165,
      28,
      143,
      79,
      169,
      158,
      10,
      14,
      62,
      177,
      2,
      194,
      26,
      69,
      117,
      150,
      30,
      76,
      83,
      33,
      163,
      120
    ],
    "distancia": 298.4058933232086,
    "tiempo": 1197.5106530189514
  }
}