{"genetico": {"ruta": [114, 62, 97, 78, 74, 126, 10, 88, 90, 108, 57, 107, 1, 115, 79, 63, 85, 52, 145, 86, 71, 21, 5, 135, 45, 24, 83, 120, 42, 46, 27, 50, 119, 117, 76, 23, 43, 111, 132, 2, 82, 53, 121, 22, 13, 60, 84, 110, 141, 35, 17, 136, 73, 98, 130, 36, 12, 55, 75, 131, 99, 96, 128, 138, 137, 30, 148, 56, 8, 47, 106, 103, 113, 142, 101, 14, 41, 68, 39, 70, 109, 125, 104, 92, 3, 32, 94, 87, 20, 124, 116, 123, 118, 48, 81, 139, 66, 11, 149, 146, 67, 129, 44, 26, 58, 34, 37, 122, 91, 80, 134, 72, 15, 29, 4, 143, 105, 112, 33, 65, 6, 9, 59, 31, 102, 38, 147, 7, 61, 100, 69, 95, 140, 18, 40, 133, 77, 28, 49, 144, 25, 54, 127, 64, 19, 93, 0, 16, 89, 51], "distancia": 1236.3270487735633, "tiempo": 7.938434600830078}, "aco": {"ruta": [113, 61, 34, 38, 24, 127, 23, 6, 130, 104, 19, 10, 126, 101, 64, 132, 106, 128, 111, 76, 49, 99, 125, 21, 40, 123, 68, 142, 47, 8, 51, 83, 140, 92, 28, 144, 48, 118, 13, 7, 2, 75, 114, 36, 25, 71, 63, 22, 12, 57, 103, 81, 43, 146, 112, 121, 69, 105, 55, 60, 110, 3, 84, 50, 143, 94, 149, 87, 32, 27, 107, 119, 4, 100, 66, 139, 33, 141, 65, 18, 39, 97, 52, 1, 74, 95, 31, 129, 72, 17, 85, 59, 0, 62, 5, 109, 98, 53, 45, 102, 120, 124, 29, 56, 136, 15, 30, 78, 148, 58, 116, 26, 37, 80, 108, 89, 115, 137, 35, 44, 67, 91, 46, 42, 16, 9, 70, 122, 117, 90, 54, 134, 82, 133, 135, 86, 73, 88, 93, 11, 14, 138, 131, 20, 145, 77, 147, 96, 79, 41, 113], "distancia": 256.6852870694947, "tiempo": 306.51303815841675}}