{
  "genetico": {
    "ruta": [
      70,
      29,
      129,
      9,
      104,
      20,
      64,
      92,
      132,
      6,
      131,
      76,
      68,
      85,
      109,
      56,
      102,
      53,
      54,
      51,
      108,
      117,
      35,
      21,
      123,
      10,
      101,
      126,
      145,
      100,
      36,
      111,
      61,
      38,
      133,
      127,
      97,
      22,
      34,
      113,
      88,
      13,
      8,
      114,
      66,
      71,
      125,
      28,
      19,
      48,
      49,
      99,
      106,
      79,
      39,
      65,
      81,
      147,
      134,
      143,
      50,
      95,
      52,
      44,
      26,
      116,
      58,
      16,
      146,
      105,
      12,
      55,
      149,
      140,
      2,
      24,
      137,
      112,
      14,
      90,
      122,
      1,
      103,
      57,
      60,
      110,
      107,
      130,
      142,
      78,
      33,
      43,
      73,
      136,
      124,
      47,
      7,
      25,
      94,
      4,
      30,
      148,
      120,
      45,
      32,
      74,
      0,
      23,
      75,
      41,
      17,
      11,
      80,
      72,
      67,
      37,
      63,
      77,
      84,
      119,
      141,
      87,
      91,
      46,
      42,
      139,
      27,
      59,
      86,
      118,
      40,
      115,
      93,
      128,
      18,
      89,
      144,
      15,
      121,
      62,
      3,
      69,
      5,
      138,
      82,
      96,
      83,
      135,
      98,
      31
    ],
    "distancia": 1248.7337780480689,
    "tiempo": 17.192524433135986
  },
  "aco": {
    "ruta": [
      145,
      20,
      147,
      77,
      96,
      61,
      113,
      106,
      132,
      64,
      19,
      10,
      126,
      101,
      76,
      49,
      99,
      125,
      111,
      128,
      142,
      21,
      68,
      123,
      40,
      8,
      51,
      83,
      140,
      92,
      28,
      144,
      48,
      118,
      13,
      7,
      2,
      75,
      114,
      36,
      25,
      71,
      63,
      22,
      12,
      131,
      138,
      14,
      11,
      93,
      88,
      73,
      98,
      53,
      86,
      135,
      133,
      82,
      134,
      45,
      124,
      102,
      29,
      54,
      120,
      109,
      5,
      62,
      0,
      59,
      17,
      85,
      72,
      129,
      31,
      35,
      137,
      115,
      89,
      122,
      117,
      90,
      56,
      136,
      70,
      9,
      15,
      30,
      78,
      148,
      58,
      116,
      26,
      37,
      80,
      108,
      16,
      44,
      67,
      91,
      46,
      42,
      94,
      149,
      87,
      32,
      27,
      107,
      119,
      4,
      100,
      66,
      139,
      143,
      50,
      84,
      3,
      110,
      60,
      55,
      105,
      121,
      112,
      146,
      43,
      103,
      81,
      57,
      95,
      74,
      69,
      52,
      1,
      33,
      141,
      65,
      18,
      39,
      97,
      79,
      34,
      38,
      24,
      127,
      23,
      6,
      130,
      104,
      47,
      41,
      145
    ],
    "distancia": 257.38865069733407,
    "tiempo": 753.8669447898865
  }
}