{"genetico": {"ruta": [83, 121, 140, 131, 73, 115, 81, 113, 55, 123, 20, 71, 147, 110, 29, 60, 92, 106, 16, 15, 41, 82, 39, 127, 135, 90, 66, 85, 8, 53, 108, 98, 149, 22, 27, 68, 138, 19, 54, 146, 23, 47, 100, 116, 143, 109, 139, 126, 44, 4, 87, 25, 36, 107, 76, 103, 132, 62, 43, 37, 137, 95, 79, 67, 144, 11, 0, 46, 134, 14, 50, 26, 111, 9, 65, 52, 142, 114, 21, 33, 89, 56, 59, 102, 42, 94, 148, 24, 17, 125, 96, 141, 80, 6, 86, 122, 75, 57, 74, 3, 49, 101, 61, 18, 69, 40, 117, 38, 91, 145, 136, 28, 84, 93, 105, 99, 1, 32, 30, 35, 129, 48, 77, 58, 133, 10, 130, 2, 112, 12, 70, 97, 104, 78, 128, 120, 31, 72, 13, 7, 88, 34, 119, 64, 118, 63, 5, 45, 124, 51], "distancia": 1251.8486750009677, "tiempo": 7.909855127334595}, "aco": {"ruta": [25, 65, 118, 58, 107, 28, 18, 9, 43, 124, 103, 21, 113, 1, 76, 52, 105, 148, 99, 36, 10, 133, 122, 13, 117, 114, 68, 71, 11, 125, 137, 101, 77, 73, 79, 146, 55, 120, 37, 60, 70, 45, 143, 27, 54, 134, 5, 147, 29, 24, 131, 82, 4, 22, 50, 106, 111, 47, 40, 69, 23, 109, 92, 44, 16, 96, 91, 64, 141, 15, 110, 85, 8, 30, 145, 19, 119, 126, 139, 129, 14, 41, 149, 35, 80, 17, 56, 61, 84, 144, 67, 32, 100, 115, 86, 98, 26, 33, 3, 42, 88, 142, 94, 127, 63, 72, 51, 2, 20, 116, 90, 81, 66, 59, 102, 112, 0, 89, 138, 12, 78, 128, 34, 135, 97, 74, 62, 57, 108, 83, 53, 121, 132, 123, 130, 49, 6, 136, 93, 31, 75, 7, 140, 104, 39, 46, 87, 48, 38, 95, 25], "distancia": 277.69181443982524, "tiempo": 308.4497640132904}}