{
  "genetico": {
    "ruta": [
      140,
      129,
      115,
      124,
      61,
      106,
      143,
      5,
      9,
      77,
      118,
      98,
      126,
      122,
      99,
      62,
      88,
      85,
      116,
      147,
      146,
      3,
      78,
      128,
      57,
      10,
      18,
      6,
      117,
      130,
      135,
      114,
      20,
      127,
      90,
      42,
      25,
      21,
      133,
      119,
      15,
      4,
      95,
      137,
      66,
      132,
      83,
      123,
      138,
      24,
      142,
      102,
      53,
      125,
      13,
      100,
      33,
      108,
      0,
      51,
      148,
      32,
      63,
      94,
      76,
      91,
      92,
      96,
      141,
      145,
      30,
      58,
      134,
      14,
      19,
      73,
      82,
      46,
      131,
      80,
      27,
      75,
      67,
      26,
      81,
      86,
      87,
      65,
      28,
      1,
      68,
      36,
      136,
      60,
      103,
      113,
      38,
      84,
      72,
      144,
      104,
      45,
      93,
      55,
      54,
      74,
      97,
      89,
      23,
      111,
      69,
      50,
      149,
      41,
      48,
      44,
      7,
      79,
      112,
      59,
      121,
      2,
      56,
      107,
      70,
      110,
      139,
      22,
      64,
      16,
      34,
      37,
      109,
      40,
      12,
      35,
      47,
      8,
      101,
      105,
      71,
      43,
      17,
      31,
      11,
      29,
      39,
      52,
      49,
      120
    ],
    "distancia": 1230.9569297568228,
    "tiempo": 16.324917554855347
  },
  "aco": {
    "ruta": [
      28,
      101,
      137,
      125,
      11,
      71,
      68,
      43,
      9,
      99,
      105,
      148,
      140,
      76,
      18,
      104,
      107,
      58,
      118,
      25,
      65,
      146,
      55,
      120,
      79,
      73,
      77,
      84,
      17,
      56,
      45,
      70,
      60,
      37,
      27,
      54,
      134,
      5,
      147,
      29,
      24,
      131,
      82,
      143,
      61,
      35,
      14,
      129,
      41,
      149,
      47,
      50,
      106,
      111,
      22,
      4,
      40,
      69,
      23,
      109,
      92,
      44,
      16,
      96,
      64,
      141,
      15,
      110,
      85,
      8,
      91,
      30,
      145,
      19,
      119,
      126,
      139,
      80,
      144,
      67,
      32,
      100,
      115,
      86,
      98,
      26,
      128,
      34,
      135,
      97,
      33,
      3,
      42,
      88,
      142,
      94,
      127,
      63,
      72,
      51,
      2,
      20,
      116,
      90,
      81,
      66,
      59,
      102,
      112,
      0,
      89,
      138,
      12,
      78,
      74,
      62,
      57,
      108,
      83,
      53,
      121,
      132,
      123,
      130,
      49,
      6,
      136,
      93,
      31,
      75,
      7,
      36,
      10,
      133,
      114,
      117,
      122,
      13,
      124,
      103,
      21,
      113,
      1,
      52,
      39,
      46,
      87,
      48,
      38,
      95,
      28
    ],
    "distancia": 278.2936351950317,
    "tiempo": 872.208117723465
  }
}