{"genetico": {"ruta": [46, 123, 0, 91, 127, 22, 28, 122, 128, 137, 44, 78, 145, 63, 129, 107, 140, 126, 10, 50, 57, 18, 7, 24, 98, 86, 142, 40, 33, 35, 14, 135, 54, 29, 113, 99, 124, 87, 121, 112, 77, 133, 5, 64, 21, 138, 83, 110, 41, 62, 47, 67, 25, 56, 38, 82, 26, 6, 80, 66, 89, 74, 120, 60, 95, 136, 42, 23, 49, 8, 108, 125, 88, 20, 19, 9, 109, 32, 141, 31, 43, 12, 144, 59, 58, 111, 84, 27, 4, 81, 146, 51, 132, 106, 90, 139, 11, 30, 97, 102, 117, 39, 45, 68, 72, 130, 92, 115, 105, 71, 55, 16, 118, 37, 15, 148, 3, 48, 93, 2, 65, 96, 73, 34, 119, 114, 116, 103, 61, 76, 100, 17, 94, 1, 131, 69, 101, 147, 75, 36, 143, 53, 104, 149, 70, 79, 85, 52, 13, 134], "distancia": 1204.1693423864824, "tiempo": 7.85053563117981}, "aco": {"ruta": [137, 1, 48, 76, 140, 103, 131, 74, 142, 52, 80, 10, 58, 13, 2, 65, 14, 66, 61, 84, 6, 112, 77, 7, 24, 98, 121, 107, 129, 19, 64, 21, 96, 90, 94, 109, 42, 135, 69, 120, 87, 95, 106, 0, 86, 47, 9, 55, 60, 136, 30, 56, 91, 62, 11, 115, 127, 83, 116, 23, 105, 43, 36, 92, 41, 114, 31, 72, 143, 88, 117, 130, 27, 26, 51, 126, 132, 49, 101, 138, 22, 37, 40, 38, 34, 134, 149, 8, 128, 25, 33, 97, 32, 16, 73, 57, 3, 79, 17, 141, 133, 148, 125, 110, 108, 5, 71, 68, 45, 35, 4, 15, 50, 75, 102, 122, 67, 144, 12, 100, 28, 81, 39, 146, 18, 85, 89, 123, 53, 20, 46, 59, 147, 82, 104, 70, 118, 93, 111, 54, 29, 99, 78, 119, 124, 139, 44, 145, 63, 113, 137], "distancia": 281.2793207674077, "tiempo": 300.755126953125}}