{
  "genetico": {
    "ruta": [
      15,
      70,
      42,
      11,
      142,
      56,
      47,
      120,
      100,
      79,
      44,
      103,
      112,
      93,
      1,
      78,
      124,
      29,
      40,
      76,
      59,
      17,
      102,
      98,
      81,
      39,
      146,
      101,
      109,
      108,
      117,
      13,
      139,
      63,
      116,
      135,
      90,
      119,
      137,
      84,
      5,
      71,
      52,
      111,
      58,
      24,
      37,
      74,
      131,
      10,
      80,
      20,
      26,
      107,
      118,
      4,
      73,
      61,
      33,
      140,
      136,
      92,
      60,
      30,
      48,
      64,
      87,
      51,
      8,
      62,
      105,
      57,
      143,
      36,
      83,
      67,
      35,
      122,
      50,
      3,
      88,
      126,
      134,
      68,
      23,
      95,
      69,
      96,
      148,
      144,
      31,
      97,
      115,
      43,
      27,
      65,
      82,
      147,
      130,
      129,
      38,
      94,
      25,
      18,
      85,
      49,
      133,
      6,
      46,
      7,
      86,
      21,
      32,
      128,
      16,
      75,
      110,
      53,
      34,
      9,
      121,
      45,
      89,
      123,
      114,
      72,
      0,
      106,
      14,
      141,
      113,
      99,
      54,
      132,
      127,
      41,
      91,
      55,
      19,
      125,
      104,
      149,
      66,
      145,
      2,
      77,
      28,
      12,
      138,
      22
    ],
    "distancia": 1227.3795172935982,
    "tiempo": 16.861298084259033
  },
  "aco": {
    "ruta": [
      129,
      48,
      1,
      137,
      44,
      145,
      63,
      119,
      124,
      139,
      54,
      29,
      99,
      78,
      111,
      93,
      2,
      13,
      58,
      10,
      80,
      52,
      142,
      74,
      131,
      103,
      76,
      140,
      121,
      98,
      24,
      90,
      96,
      109,
      94,
      42,
      135,
      69,
      120,
      87,
      95,
      106,
      0,
      86,
      47,
      9,
      55,
      60,
      136,
      30,
      56,
      91,
      62,
      127,
      115,
      11,
      83,
      116,
      23,
      105,
      43,
      73,
      36,
      92,
      41,
      114,
      31,
      72,
      34,
      38,
      134,
      8,
      128,
      149,
      33,
      25,
      97,
      32,
      16,
      57,
      143,
      88,
      130,
      27,
      26,
      7,
      77,
      112,
      66,
      61,
      65,
      14,
      6,
      84,
      104,
      147,
      20,
      53,
      89,
      123,
      118,
      85,
      46,
      59,
      82,
      70,
      51,
      117,
      126,
      132,
      49,
      101,
      138,
      22,
      37,
      40,
      148,
      125,
      110,
      108,
      5,
      71,
      68,
      45,
      35,
      4,
      15,
      50,
      102,
      122,
      67,
      144,
      12,
      100,
      28,
      81,
      75,
      39,
      146,
      18,
      79,
      3,
      141,
      133,
      17,
      21,
      64,
      19,
      107,
      113,
      129
    ],
    "distancia": 281.8308637021611,
    "tiempo": 875.8444848060608
  }
}