{
  "genetico": {
    "ruta": [
      18,
      28,
      6,
      3,
      4,
      29,
      37,
      13,
      16,
      34,
      9,
      23,
      38,
      19,
      1,
      35,
      10,
      33,
      27,
      24,
      0,
      7,
      26,
      32,
      11,
      22,
      31,
      14,
      2,
      20,
      5,
      36,
      39,
      25,
      21,
      30,
      17,
      12,
      8,
      15
    ],
    "distancia": 164.53564220679968,
    "tiempo": 2.627429723739624
  },
  "aco": {
    "ruta": [
      9,
      23,
      34,
      11,
      22,
      31,
      2,
      14,
      20,
      32,
      26,
      12,
      17,
      8,
      5,
      36,
      30,
      25,
      39,
      21,
      0,
      7,
      27,
      24,
      33,
      13,
      37,
      29,
      4,
      3,
      6,
      28,
      18,
      1,
      19,
      35,
      38,
      10,
      15,
      16,
      9
    ],
    "distancia": 143.7814262355974,
    "tiempo": 69.23427295684814
  }
}