{"genetico": {"ruta": [29, 4, 3, 6, 28, 18, 10, 13, 37, 27, 24, 33, 0, 7, 11, 22, 31, 14, 2, 20, 15, 35, 1, 19, 38, 23, 9, 34, 16, 32, 26, 12, 8, 17, 5, 36, 30, 39, 25, 21], "distancia": 161.97786218278787, "tiempo": 1.1918139457702637}, "aco": {"ruta": [13, 10, 38, 35, 1, 19, 23, 9, 34, 16, 15, 32, 20, 2, 14, 31, 22, 11, 26, 8, 12, 17, 5, 36, 30, 39, 25, 21, 7, 0, 24, 27, 33, 37, 29, 4, 3, 6, 28, 18, 13], "distancia": 144.4073446649909, "tiempo": 30.918710947036743}}