{
  "genetico": {
    "ruta": [
      61,
      58,
      41,
      124,
      94,
      92,
      71,
      77,
      90,
      28,
      85,
      132,
      5,
      9,
      115,
      36,
      118,
      35,
      67,
      43,
      60,
      37,
      27,
      133,
      110,
      0,
      148,
      17,
      138,
      59,
      10,
      38,
      149,
      51,
      23,
      130,
      48,
      125,
      83,
      87,
      73,
      1,
      101,
      144,
      120,
      49,
      102,
      106,
      20,
      62,
      6,
      119,
      30,
      129,
      84,
      47,
      93,
      65,
      113,
      68,
      34,
      15,
      19,
      11,
      29,
      141,
      32,
      98,
      123,
      22,
      140,
      131,
      4,
      117,
      14,
      64,
      128,
      50,
      13,
      25,
      12,
      104,
      108,
      112,
      105,
      142,
      42,
      72,
      91,
      136,
      45,
      18,
      66,
      135,
      39,
      16,
      103,
      121,
      40,
      63,
      53,
      139,
      111,
      122,
      76,
      2,
      134,
      69,
      78,
      143,
      57,
      75,
      137,
      116,
      109,
      21,
      74,
      24,
      145,
      3,
      126,
      146,
      26,
      8,
      96,
      127,
      33,
      100,
      80,
      89,
      44,
      55,
      46,
      81,
      79,
      56,
      54,
      7,
      86,
      52,
      70,
      95,
      97,
      82,
      107,
      147,
      88,
      31,
      114,
      99
    ],
    "distancia": 1200.2379460613474,
    "tiempo": 16.516090154647827
  },
  "aco": {
    "ruta": [
      140,
      95,
      4,
      56,
      1,
      44,
      7,
      145,
      135,
      102,
      76,
      0,
      91,
      15,
      124,
      80,
      16,
      52,
      79,
      100,
      89,
      39,
      146,
      149,
      33,
      118,
      109,
      138,
      51,
      11,
      21,
      136,
      122,
      131,
      36,
      70,
      130,
      115,
      9,
      112,
      49,
      86,
      93,
      103,
      84,
      57,
      59,
      23,
      13,
      2,
      43,
      38,
      32,
      63,
      133,
      37,
      98,
      117,
      132,
      144,
      55,
      82,
      97,
      3,
      123,
      94,
      147,
      5,
      108,
      83,
      142,
      134,
      125,
      45,
      81,
      46,
      101,
      66,
      64,
      69,
      107,
      19,
      143,
      14,
      17,
      26,
      105,
      110,
      48,
      104,
      60,
      54,
      120,
      116,
      87,
      10,
      35,
      137,
      148,
      126,
      27,
      18,
      92,
      111,
      12,
      68,
      113,
      25,
      77,
      141,
      71,
      139,
      78,
      22,
      34,
      65,
      114,
      8,
      40,
      47,
      50,
      20,
      31,
      75,
      53,
      90,
      96,
      28,
      128,
      72,
      29,
      30,
      73,
      6,
      99,
      129,
      127,
      24,
      62,
      121,
      74,
      119,
      41,
      61,
      58,
      106,
      42,
      88,
      67,
      85,
      140
    ],
    "distancia": 244.3261413187912,
    "tiempo": 700.1190049648285
  }
}