{"genetico": {"ruta": [88, 62, 65, 77, 49, 35, 66, 131, 142, 64, 53, 75, 2, 132, 147, 86, 83, 92, 109, 51, 149, 37, 148, 34, 8, 56, 50, 106, 73, 135, 60, 104, 14, 27, 19, 114, 63, 32, 59, 144, 98, 3, 124, 57, 85, 41, 71, 138, 145, 79, 33, 95, 91, 120, 48, 97, 31, 28, 110, 87, 115, 23, 22, 117, 133, 113, 107, 7, 130, 137, 141, 9, 103, 80, 126, 45, 125, 18, 101, 102, 43, 12, 78, 123, 82, 46, 44, 93, 118, 121, 90, 74, 129, 128, 72, 99, 96, 42, 40, 25, 20, 11, 16, 15, 67, 127, 61, 58, 119, 134, 139, 111, 26, 94, 5, 116, 36, 13, 70, 112, 17, 47, 39, 0, 146, 140, 55, 24, 30, 69, 38, 54, 68, 6, 52, 89, 21, 4, 108, 105, 10, 122, 84, 143, 81, 100, 1, 76, 29, 136], "distancia": 1185.3734500621053, "tiempo": 7.700960397720337}, "aco": {"ruta": [26, 147, 5, 108, 83, 142, 45, 81, 46, 101, 66, 64, 69, 107, 19, 143, 14, 17, 104, 105, 110, 48, 134, 125, 27, 126, 148, 10, 35, 137, 87, 116, 120, 54, 60, 92, 3, 82, 97, 111, 12, 68, 113, 25, 77, 141, 71, 139, 78, 22, 114, 65, 23, 59, 140, 95, 4, 56, 1, 44, 7, 145, 135, 102, 76, 0, 91, 15, 124, 80, 16, 52, 79, 100, 89, 39, 146, 149, 33, 118, 109, 138, 51, 11, 21, 136, 122, 131, 36, 70, 130, 115, 9, 112, 49, 86, 93, 103, 84, 57, 88, 67, 50, 31, 20, 75, 53, 90, 96, 28, 128, 72, 29, 30, 73, 6, 99, 129, 127, 74, 121, 62, 119, 24, 41, 58, 61, 106, 42, 47, 40, 34, 8, 13, 85, 2, 43, 38, 32, 63, 133, 37, 98, 144, 132, 117, 55, 123, 94, 18, 26], "distancia": 238.9565721700655, "tiempo": 348.9880199432373}}