{"genetico": {"ruta": [99, 96, 16, 55, 74, 51, 92, 66, 68, 97, 62, 60, 81, 83, 49, 24, 10, 85, 80, 15, 37, 93, 61, 18, 88, 27, 31, 7, 0, 72, 82, 14, 73, 75, 65, 58, 64, 94, 57, 6, 20, 45, 9, 76, 42, 38, 47, 40, 33, 90, 36, 4, 59, 77, 53, 54, 32, 35, 70, 11, 91, 26, 21, 39, 3, 71, 78, 2, 17, 12, 89, 63, 84, 46, 8, 1, 13, 43, 79, 56, 44, 5, 48, 30, 23, 52, 28, 95, 87, 50, 86, 22, 25, 29, 98, 41, 19, 69, 67, 34], "distancia": 678.6150503517842, "tiempo": 3.899167537689209}, "aco": {"ruta": [41, 9, 3, 78, 47, 95, 60, 98, 34, 79, 75, 33, 77, 42, 61, 76, 45, 20, 73, 90, 64, 21, 71, 38, 22, 56, 23, 62, 97, 0, 15, 5, 31, 94, 93, 28, 26, 49, 25, 37, 58, 19, 82, 48, 57, 81, 13, 1, 30, 39, 83, 65, 7, 80, 68, 24, 69, 2, 66, 44, 17, 87, 51, 74, 55, 96, 16, 99, 63, 84, 8, 46, 89, 12, 10, 35, 52, 67, 92, 59, 86, 91, 50, 88, 53, 11, 54, 85, 32, 18, 43, 27, 70, 14, 29, 4, 36, 40, 6, 72, 41], "distancia": 209.809871377846, "tiempo": 153.77216958999634}}