{
  "genetico": {
    "ruta": [
      65,
      15,
      71,
      6,
      40,
      23,
      82,
      36,
      38,
      85,
      68,
      55,
      29,
      95,
      37,
      62,
      22,
      49,
      25,
      5,
      94,
      42,
      86,
      90,
      73,
      93,
      81,
      39,
      69,
      91,
      35,
      12,
      53,
      58,
      28,
      3,
      45,
      61,
      77,
      43,
      13,
      80,
      56,
      79,
      27,
      70,
      4,
      59,
      32,
      50,
      17,
      2,
      54,
      78,
      20,
      9,
      41,
      75,
      19,
      52,
      66,
      74,
      99,
      89,
      16,
      46,
      7,
      51,
      44,
      11,
      92,
      24,
      18,
      87,
      47,
      97,
      14,
      1,
      30,
      31,
      88,
      57,
      83,
      26,
      48,
      64,
      21,
      33,
      76,
      34,
      67,
      60,
      0,
      8,
      63,
      84,
      96,
      10,
      72,
      98
    ],
    "distancia": 681.1188010644549,
    "tiempo": 8.643567085266113
  },
  "aco": {
    "ruta": [
      69,
      24,
      68,
      92,
      59,
      86,
      91,
      50,
      88,
      53,
      11,
      54,
      85,
      32,
      18,
      12,
      10,
      35,
      52,
      67,
      14,
      70,
      27,
      43,
      75,
      79,
      36,
      40,
      6,
      98,
      34,
      72,
      33,
      77,
      42,
      61,
      76,
      45,
      90,
      73,
      20,
      64,
      21,
      41,
      9,
      3,
      78,
      47,
      95,
      60,
      4,
      29,
      56,
      23,
      0,
      97,
      62,
      15,
      5,
      37,
      25,
      31,
      94,
      93,
      28,
      26,
      49,
      71,
      38,
      22,
      58,
      83,
      82,
      48,
      57,
      81,
      13,
      1,
      30,
      39,
      19,
      65,
      7,
      80,
      2,
      66,
      44,
      17,
      87,
      51,
      74,
      55,
      96,
      89,
      16,
      99,
      63,
      84,
      8,
      46,
      69
    ],
    "distancia": 211.70670313174597,
    "tiempo": 335.9277973175049
  }
}