{
  "genetico": {
    "ruta": [
      91,
      68,
      42,
      85,
      55,
      59,
      7,
      98,
      88,
      92,
      19,
      22,
      25,
      99,
      21,
      90,
      83,
      67,
      77,
      0,
      96,
      73,
      95,
      94,
      46,
      61,
      52,
      81,
      54,
      62,
      65,
      66,
      89,
      34,
      78,
      63,
      14,
      87,
      40,
      80,
      16,
      71,
      35,
      12,
      8,
      27,
      4,
      36,
      41,
      51,
      31,
      10,
      5,
      37,
      74,
      76,
      49,
      15,
      1,
      3,
      44,
      64,
      11,
      28,
      72,
      60,
      23,
      97,
      86,
      29,
      58,
      30,
      82,
      70,
      18,
      47,
      53,
      32,
      69,
      13,
      50,
      6,
      39,
      57,
      56,
      2,
      48,
      20,
      24,
      17,
      38,
      9,
      26,
      33,
      79,
      75,
      45,
      84,
      43,
      93
    ],
    "distancia": 727.6515059745317,
    "tiempo": 13.498558759689331
  },
  "aco": {
    "ruta": [
      42,
      74,
      57,
      73,
      95,
      96,
      67,
      61,
      10,
      0,
      72,
      40,
      7,
      79,
      66,
      87,
      80,
      11,
      17,
      48,
      64,
      75,
      81,
      55,
      59,
      30,
      54,
      8,
      82,
      14,
      12,
      51,
      52,
      28,
      16,
      90,
      68,
      36,
      70,
      53,
      78,
      92,
      47,
      18,
      41,
      88,
      31,
      63,
      4,
      98,
      34,
      83,
      77,
      35,
      9,
      21,
      45,
      89,
      44,
      99,
      91,
      15,
      19,
      93,
      69,
      3,
      43,
      32,
      84,
      60,
      85,
      23,
      49,
      1,
      71,
      2,
      5,
      20,
      58,
      22,
      29,
      25,
      6,
      56,
      26,
      50,
      86,
      76,
      38,
      97,
      27,
      94,
      33,
      46,
      37,
      39,
      13,
      65,
      24,
      62,
      42
    ],
    "distancia": 198.21470881564284,
    "tiempo": 500.93688893318176
  }
}