{"genetico": {"ruta": [50, 76, 67, 0, 13, 34, 68, 59, 9, 37, 58, 20, 6, 56, 1, 71, 97, 11, 4, 31, 88, 98, 46, 33, 24, 8, 63, 18, 47, 41, 84, 45, 77, 2, 38, 57, 74, 90, 53, 55, 60, 69, 5, 17, 7, 39, 73, 27, 80, 14, 78, 3, 19, 92, 54, 12, 22, 66, 72, 87, 96, 65, 81, 70, 89, 93, 83, 30, 79, 85, 62, 94, 25, 99, 29, 86, 95, 43, 44, 91, 32, 35, 75, 40, 64, 16, 52, 15, 21, 26, 42, 51, 28, 82, 36, 48, 23, 49, 61, 10], "distancia": 731.1792572436449, "tiempo": 4.1711766719818115}, "aco": {"ruta": [65, 13, 10, 0, 72, 40, 7, 79, 66, 87, 54, 30, 82, 14, 12, 51, 52, 28, 16, 90, 68, 36, 70, 53, 78, 92, 41, 18, 47, 88, 31, 63, 4, 98, 34, 83, 77, 35, 9, 21, 45, 32, 89, 44, 99, 91, 93, 69, 3, 43, 19, 15, 84, 60, 85, 23, 49, 1, 71, 2, 5, 20, 58, 22, 29, 25, 38, 76, 86, 6, 56, 26, 50, 97, 27, 94, 33, 37, 46, 73, 95, 96, 74, 39, 67, 61, 48, 64, 75, 81, 17, 11, 59, 55, 8, 80, 24, 62, 57, 42, 65], "distancia": 196.72197550491043, "tiempo": 144.1988832950592}}