{
  "genetico": {
    "ruta": [
      93,
      21,
      70,
      68,
      26,
      50,
      95,
      55,
      2,
      58,
      97,
      3,
      22,
      30,
      77,
      24,
      76,
      9,
      99,
      59,
      67,
      34,
      49,
      18,
      66,
      51,
      94,
      72,
      73,
      88,
      53,
      4,
      64,
      74,
      57,
      61,
      8,
      89,
      63,
      84,
      11,
      62,
      20,
      31,
      28,
      29,
      56,
      54,
      15,
      80,
      7,
      46,
      40,
      19,
      48,
      85,
      13,
      69,
      47,
      23,
      43,
      0,
      83,
      86,
      16,
      44,
      90,
      27,
      92,
      36,
      60,
      5,
      37,
      87,
      45,
      78,
      32,
      52,
      75,
      14,
      1,
      33,
      91,
      82,
      81,
      96,
      71,
      42,
      25,
      79,
      65,
      38,
      6,
      98,
      10,
      12,
      35,
      17,
      39,
      41
    ],
    "distancia": 804.6946584555919,
    "tiempo": 8.72770071029663
  },
  "aco": {
    "ruta": [
      44,
      63,
      9,
      27,
      81,
      92,
      90,
      74,
      67,
      53,
      34,
      25,
      97,
      70,
      2,
      88,
      73,
      49,
      16,
      77,
      61,
      1,
      59,
      64,
      57,
      4,
      68,
      87,
      23,
      42,
      96,
      76,
      24,
      30,
      71,
      21,
      47,
      45,
      0,
      43,
      55,
      84,
      8,
      72,
      60,
      62,
      99,
      78,
      52,
      82,
      3,
      50,
      38,
      5,
      65,
      10,
      41,
      91,
      32,
      28,
      6,
      31,
      93,
      39,
      98,
      79,
      37,
      83,
      86,
      95,
      66,
      7,
      22,
      80,
      19,
      36,
      12,
      69,
      35,
      18,
      29,
      56,
      14,
      85,
      75,
      13,
      17,
      54,
      48,
      20,
      15,
      58,
      26,
      33,
      51,
      89,
      46,
      40,
      94,
      11,
      44
    ],
    "distancia": 244.24765124773174,
    "tiempo": 355.49757051467896
  }
}