{"genetico": {"ruta": [78, 41, 38, 30, 82, 65, 32, 31, 93, 21, 91, 7, 36, 26, 54, 43, 98, 37, 60, 97, 45, 55, 27, 86, 39, 24, 1, 2, 95, 11, 84, 81, 59, 4, 64, 99, 25, 94, 92, 47, 71, 34, 53, 72, 0, 42, 57, 77, 49, 70, 96, 5, 79, 50, 28, 67, 44, 76, 61, 8, 3, 80, 51, 63, 90, 68, 22, 14, 18, 29, 56, 85, 48, 12, 35, 66, 19, 46, 6, 73, 9, 58, 16, 13, 20, 33, 88, 74, 17, 62, 83, 69, 40, 89, 10, 75, 15, 52, 87, 23], "distancia": 799.1371620701311, "tiempo": 4.307645082473755}, "aco": {"ruta": [63, 9, 44, 27, 81, 92, 90, 74, 67, 53, 34, 60, 72, 8, 11, 84, 55, 43, 0, 45, 47, 23, 42, 96, 76, 24, 30, 71, 21, 50, 3, 82, 38, 5, 65, 28, 6, 31, 32, 91, 41, 10, 93, 39, 98, 79, 37, 52, 83, 86, 95, 66, 7, 22, 80, 19, 36, 12, 35, 69, 54, 48, 14, 85, 75, 13, 17, 18, 29, 56, 20, 15, 58, 26, 33, 46, 89, 51, 40, 78, 68, 87, 4, 57, 64, 59, 70, 2, 88, 73, 49, 16, 77, 61, 1, 97, 25, 99, 62, 94, 63], "distancia": 236.52530215292967, "tiempo": 147.74607825279236}}