{"genetico": {"ruta": [41, 76, 110, 71, 112, 144, 87, 44, 138, 108, 15, 120, 59, 20, 29, 73, 6, 103, 39, 43, 34, 140, 79, 80, 17, 67, 99, 38, 53, 14, 40, 19, 77, 60, 125, 115, 48, 145, 25, 117, 22, 69, 47, 134, 16, 148, 36, 86, 121, 13, 132, 0, 123, 62, 33, 136, 68, 61, 104, 46, 66, 30, 35, 49, 55, 84, 102, 26, 18, 57, 85, 27, 72, 31, 70, 139, 114, 141, 56, 101, 58, 124, 98, 65, 128, 54, 7, 143, 4, 95, 3, 37, 147, 109, 2, 8, 42, 119, 93, 90, 5, 122, 106, 149, 82, 130, 12, 116, 126, 107, 74, 133, 9, 45, 89, 113, 50, 88, 24, 96, 28, 78, 137, 92, 105, 63, 111, 32, 135, 146, 142, 52, 97, 1, 81, 118, 10, 100, 83, 51, 75, 11, 131, 129, 91, 23, 127, 64, 21, 94], "distancia": 1262.754777248955, "tiempo": 8.047360181808472}, "aco": {"ruta": [62, 59, 67, 1, 88, 61, 99, 14, 7, 91, 18, 64, 81, 114, 50, 108, 65, 28, 5, 78, 69, 3, 26, 98, 104, 136, 22, 53, 63, 54, 140, 103, 11, 135, 111, 116, 17, 73, 6, 129, 9, 60, 43, 77, 8, 119, 131, 146, 115, 42, 100, 95, 4, 25, 122, 29, 72, 105, 84, 92, 20, 141, 71, 123, 13, 37, 40, 0, 52, 147, 145, 83, 85, 34, 133, 106, 96, 74, 101, 41, 76, 139, 126, 45, 124, 39, 130, 70, 90, 31, 109, 75, 36, 48, 87, 82, 21, 55, 35, 138, 58, 144, 112, 10, 30, 107, 94, 118, 66, 44, 49, 46, 80, 51, 121, 27, 93, 143, 102, 117, 86, 79, 32, 89, 113, 57, 12, 68, 128, 134, 142, 33, 2, 132, 56, 23, 149, 127, 15, 24, 148, 137, 110, 125, 38, 120, 47, 16, 97, 19, 62], "distancia": 310.06498490851567, "tiempo": 310.53111028671265}}