{
  "genetico": {
    "ruta": [
      76,
      41,
      121,
      39,
      36,
      26,
      124,
      78,
      5,
      15,
      141,
      79,
      73,
      140,
      67,
      97,
      103,
      129,
      105,
      9,
      70,
      126,
      14,
      83,
      43,
      52,
      86,
      54,
      88,
      61,
      22,
      32,
      21,
      112,
      30,
      58,
      118,
      99,
      87,
      82,
      123,
      148,
      40,
      147,
      96,
      100,
      138,
      31,
      80,
      113,
      7,
      1,
      127,
      45,
      34,
      101,
      114,
      57,
      3,
      6,
      56,
      120,
      18,
      0,
      125,
      12,
      75,
      71,
      142,
      13,
      74,
      37,
      28,
      131,
      27,
      119,
      29,
      68,
      59,
      48,
      49,
      44,
      46,
      63,
      104,
      16,
      42,
      133,
      20,
      38,
      77,
      85,
      60,
      144,
      93,
      23,
      134,
      64,
      146,
      84,
      25,
      106,
      110,
      108,
      132,
      95,
      72,
      62,
      19,
      98,
      55,
      102,
      8,
      66,
      107,
      94,
      65,
      130,
      115,
      90,
      116,
      69,
      109,
      89,
      47,
      53,
      128,
      111,
      4,
      50,
      17,
      33,
      149,
      91,
      136,
      137,
      117,
      51,
      139,
      92,
      145,
      143,
      122,
      2,
      24,
      81,
      11,
      135,
      10,
      35
    ],
    "distancia": 1251.5000677623445,
    "tiempo": 16.028351306915283
  },
  "aco": {
    "ruta": [
      91,
      18,
      64,
      47,
      114,
      81,
      113,
      57,
      16,
      28,
      134,
      120,
      33,
      142,
      59,
      62,
      1,
      67,
      99,
      61,
      88,
      14,
      7,
      128,
      65,
      108,
      97,
      12,
      3,
      5,
      78,
      69,
      26,
      98,
      104,
      136,
      22,
      53,
      63,
      140,
      103,
      11,
      135,
      111,
      116,
      17,
      73,
      6,
      38,
      129,
      9,
      60,
      43,
      77,
      8,
      119,
      131,
      124,
      39,
      130,
      70,
      90,
      75,
      36,
      48,
      87,
      82,
      21,
      55,
      35,
      58,
      138,
      112,
      10,
      144,
      30,
      107,
      94,
      118,
      66,
      44,
      49,
      46,
      89,
      32,
      121,
      51,
      80,
      31,
      109,
      45,
      126,
      146,
      115,
      42,
      4,
      95,
      100,
      106,
      96,
      74,
      133,
      105,
      29,
      72,
      122,
      84,
      92,
      20,
      141,
      71,
      123,
      13,
      37,
      40,
      0,
      52,
      147,
      145,
      83,
      85,
      34,
      25,
      139,
      101,
      76,
      41,
      23,
      148,
      24,
      149,
      127,
      15,
      2,
      132,
      56,
      110,
      137,
      125,
      86,
      117,
      102,
      143,
      27,
      93,
      79,
      54,
      50,
      19,
      68,
      91
    ],
    "distancia": 308.38839179362924,
    "tiempo": 718.1073234081268
  }
}