{
  "genetico": {
    "ruta": [
      39,
      55,
      75,
      121,
      135,
      27,
      78,
      133,
      109,
      130,
      134,
      73,
      98,
      94,
      20,
      59,
      89,
      76,
      123,
      57,
      19,
      136,
      6,
      54,
      88,
      33,
      69,
      42,
      114,
      17,
      51,
      148,
      43,
      104,
      13,
      115,
      36,
      71,
      90,
      84,
      116,
      66,
      141,
      67,
      35,
      87,
      120,
      9,
      32,
      14,
      61,
      2,
      7,
      92,
      45,
      38,
      91,
      117,
      68,
      21,
      5,
      85,
      30,
      106,
      129,
      1,
      8,
      4,
      83,
      139,
      50,
      122,
      93,
      10,
      144,
      137,
      147,
      119,
      81,
      23,
      62,
      22,
      53,
      60,
      56,
      112,
      41,
      108,
      74,
      44,
      70,
      26,
      63,
      72,
      149,
      138,
      29,
      110,
      118,
      58,
      101,
      105,
      82,
      24,
      113,
      80,
      49,
      16,
      126,
      142,
      64,
      52,
      48,
      0,
      128,
      102,
      12,
      3,
      11,
      124,
      140,
      131,
      65,
      86,
      103,
      99,
      79,
      47,
      15,
      37,
      143,
      34,
      18,
      127,
      77,
      96,
      132,
      25,
      31,
      146,
      28,
      95,
      125,
      145,
      46,
      107,
      111,
      100,
      97,
      40
    ],
    "distancia": 1252.3895845042787,
    "tiempo": 20.17865490913391
  },
  "aco": {
    "ruta": [
      144,
      114,
      84,
      108,
      90,
      121,
      74,
      17,
      123,
      75,
      19,
      104,
      69,
      13,
      94,
      32,
      120,
      28,
      115,
      30,
      87,
      145,
      134,
      147,
      131,
      96,
      71,
      5,
      122,
      40,
      36,
      95,
      78,
      82,
      100,
      47,
      97,
      72,
      101,
      22,
      63,
      107,
      43,
      119,
      21,
      8,
      105,
      35,
      66,
      116,
      83,
      2,
      50,
      4,
      102,
      61,
      149,
      67,
      85,
      138,
      79,
      139,
      106,
      125,
      46,
      111,
      98,
      137,
      142,
      86,
      73,
      113,
      3,
      109,
      44,
      130,
      27,
      128,
      132,
      68,
      127,
      135,
      0,
      126,
      80,
      37,
      12,
      141,
      7,
      16,
      55,
      118,
      58,
      124,
      92,
      9,
      38,
      81,
      48,
      117,
      25,
      31,
      110,
      52,
      143,
      91,
      11,
      140,
      34,
      18,
      14,
      26,
      56,
      99,
      45,
      59,
      33,
      103,
      20,
      146,
      136,
      129,
      15,
      1,
      70,
      65,
      112,
      29,
      148,
      133,
      89,
      51,
      57,
      76,
      93,
      77,
      54,
      60,
      41,
      42,
      6,
      39,
      23,
      10,
      88,
      49,
      64,
      62,
      53,
      24,
      144
    ],
    "distancia": 290.02367075286213,
    "tiempo": 793.7681436538696
  }
}