{"genetico": {"ruta": [69, 101, 33, 26, 66, 88, 76, 120, 143, 27, 98, 61, 12, 4, 149, 114, 148, 39, 94, 56, 129, 87, 45, 89, 68, 18, 126, 77, 119, 60, 54, 6, 80, 2, 35, 124, 43, 14, 46, 28, 3, 135, 34, 64, 42, 144, 104, 48, 0, 108, 84, 136, 52, 37, 112, 106, 63, 83, 107, 100, 147, 15, 57, 47, 8, 91, 128, 141, 50, 58, 131, 110, 13, 32, 36, 22, 97, 82, 21, 133, 10, 70, 130, 7, 31, 41, 75, 29, 65, 109, 138, 137, 122, 90, 74, 17, 121, 123, 19, 59, 146, 139, 111, 93, 62, 24, 142, 1, 102, 113, 140, 86, 44, 30, 105, 127, 116, 38, 81, 95, 72, 40, 96, 53, 51, 20, 99, 11, 78, 71, 49, 73, 67, 79, 92, 25, 115, 117, 125, 145, 134, 5, 118, 55, 9, 132, 16, 23, 103, 85], "distancia": 1240.9761874620126, "tiempo": 7.864999771118164}, "aco": {"ruta": [17, 74, 121, 90, 75, 19, 104, 69, 103, 20, 146, 136, 129, 94, 13, 70, 32, 15, 1, 14, 18, 137, 142, 34, 31, 27, 128, 52, 143, 91, 11, 140, 135, 0, 126, 80, 141, 12, 37, 7, 16, 55, 118, 58, 124, 92, 9, 38, 81, 48, 117, 25, 110, 132, 68, 127, 130, 3, 113, 73, 86, 56, 99, 45, 59, 33, 109, 44, 26, 111, 98, 120, 28, 115, 30, 87, 145, 134, 147, 131, 96, 71, 5, 122, 40, 36, 95, 24, 82, 78, 101, 22, 72, 97, 47, 100, 63, 107, 43, 119, 21, 8, 105, 35, 66, 116, 83, 2, 50, 4, 102, 61, 149, 67, 85, 138, 79, 139, 106, 125, 46, 65, 112, 29, 148, 133, 89, 51, 57, 76, 93, 77, 54, 60, 41, 42, 6, 108, 39, 23, 10, 88, 64, 62, 49, 53, 144, 84, 114, 123, 17], "distancia": 280.3844240744516, "tiempo": 307.51057529449463}}