{
  "genetico": {
    "ruta": [
      24,
      89,
      57,
      26,
      32,
      77,
      11,
      71,
      48,
      46,
      8,
      39,
      43,
      1,
      4,
      75,
      23,
      29,
      16,
      0,
      99,
      69,
      5,
      54,
      45,
      56,
      47,
      98,
      80,
      41,
      72,
      58,
      36,
      10,
      17,
      53,
      64,
      74,
      50,
      12,
      87,
      88,
      21,
      78,
      49,
      18,
      3,
      65,
      95,
      63,
      96,
      94,
      90,
      42,
      86,
      30,
      25,
      38,
      92,
      31,
      61,
      85,
      84,
      35,
      76,
      60,
      28,
      2,
      19,
      15,
      97,
      68,
      14,
      55,
      37,
      62,
      6,
      22,
      91,
      13,
      70,
      40,
      9,
      44,
      82,
      59,
      52,
      67,
      73,
      66,
      34,
      7,
      27,
      81,
      79,
      93,
      33,
      83,
      20,
      51
    ],
    "distancia": 682.921780358211,
    "tiempo": 8.489142894744873
  },
  "aco": {
    "ruta": [
      68,
      51,
      48,
      24,
      81,
      32,
      37,
      15,
      23,
      0,
      74,
      3,
      12,
      5,
      8,
      34,
      85,
      58,
      83,
      94,
      97,
      18,
      75,
      4,
      16,
      87,
      79,
      19,
      55,
      1,
      14,
      89,
      29,
      2,
      57,
      84,
      42,
      66,
      10,
      73,
      63,
      86,
      95,
      71,
      65,
      11,
      27,
      77,
      90,
      36,
      80,
      30,
      38,
      61,
      25,
      93,
      33,
      98,
      67,
      31,
      40,
      76,
      59,
      70,
      45,
      21,
      9,
      72,
      54,
      35,
      44,
      60,
      20,
      53,
      52,
      82,
      17,
      6,
      28,
      43,
      99,
      88,
      13,
      78,
      56,
      96,
      47,
      69,
      22,
      7,
      91,
      92,
      39,
      41,
      64,
      49,
      46,
      62,
      50,
      26,
      68
    ],
    "distancia": 161.53703932020895,
    "tiempo": 340.77848052978516
  }
}