{"genetico": {"ruta": [11, 17, 44, 47, 59, 54, 18, 16, 42, 7, 38, 91, 92, 39, 50, 26, 80, 36, 12, 22, 98, 33, 58, 53, 46, 56, 21, 76, 75, 0, 69, 13, 64, 34, 32, 5, 67, 25, 28, 60, 72, 45, 74, 88, 70, 43, 96, 20, 37, 82, 86, 27, 77, 30, 71, 99, 78, 6, 68, 79, 19, 29, 2, 89, 48, 81, 4, 83, 49, 51, 62, 94, 95, 63, 84, 66, 9, 40, 35, 52, 41, 73, 15, 24, 90, 10, 61, 31, 93, 65, 97, 8, 87, 23, 85, 3, 57, 14, 55, 1], "distancia": 662.4537242081917, "tiempo": 4.205332517623901}, "aco": {"ruta": [61, 25, 93, 33, 98, 67, 31, 40, 76, 59, 70, 45, 21, 9, 72, 54, 35, 44, 60, 20, 53, 52, 82, 43, 6, 28, 47, 99, 88, 13, 78, 56, 96, 17, 69, 22, 7, 68, 51, 48, 26, 62, 46, 91, 64, 49, 50, 24, 81, 32, 37, 15, 23, 0, 74, 3, 12, 5, 8, 34, 85, 58, 83, 41, 39, 92, 38, 30, 80, 94, 97, 18, 75, 4, 16, 87, 79, 19, 55, 1, 14, 89, 29, 2, 57, 84, 42, 66, 10, 73, 63, 86, 95, 71, 65, 11, 27, 77, 90, 36, 61], "distancia": 161.04701758406813, "tiempo": 147.02969646453857}}