{"genetico": {"ruta": [33, 64, 178, 43, 22, 187, 189, 135, 98, 162, 108, 152, 127, 73, 59, 180, 82, 142, 119, 25, 184, 61, 53, 167, 42, 117, 121, 116, 100, 7, 1, 133, 65, 157, 181, 102, 60, 144, 171, 58, 161, 8, 176, 87, 18, 192, 54, 31, 165, 164, 93, 15, 47, 99, 75, 79, 107, 103, 151, 104, 37, 81, 77, 154, 163, 28, 23, 74, 91, 141, 11, 80, 83, 179, 52, 62, 156, 10, 39, 35, 131, 41, 24, 63, 160, 110, 169, 90, 138, 172, 66, 38, 71, 153, 125, 149, 166, 139, 122, 36, 175, 68, 34, 195, 183, 137, 145, 168, 105, 92, 5, 174, 130, 20, 4, 143, 46, 186, 70, 185, 78, 19, 0, 193, 45, 2, 84, 155, 115, 97, 140, 72, 129, 173, 123, 32, 26, 17, 177, 89, 136, 49, 150, 198, 88, 6, 95, 51, 182, 126, 29, 148, 14, 56, 57, 199, 128, 109, 48, 21, 40, 194, 101, 188, 106, 191, 85, 76, 114, 170, 12, 111, 96, 16, 67, 147, 112, 197, 120, 190, 55, 196, 3, 69, 50, 94, 13, 30, 9, 118, 146, 124, 159, 27, 44, 132, 158, 86, 134, 113], "distancia": 1709.605074713308, "tiempo": 13.697489976882935}, "aco": {"ruta": [154, 31, 164, 0, 167, 91, 102, 146, 11, 97, 181, 30, 100, 141, 140, 118, 166, 13, 40, 94, 17, 187, 131, 130, 126, 110, 172, 70, 148, 38, 119, 83, 169, 194, 127, 103, 151, 121, 129, 128, 90, 143, 168, 12, 120, 170, 193, 122, 23, 56, 66, 59, 101, 34, 153, 178, 53, 125, 58, 80, 71, 36, 14, 4, 176, 149, 157, 136, 159, 156, 73, 163, 108, 65, 197, 49, 28, 106, 189, 95, 61, 87, 1, 68, 133, 162, 180, 51, 198, 195, 138, 98, 8, 145, 2, 112, 188, 74, 50, 43, 165, 124, 191, 147, 21, 175, 77, 105, 139, 3, 5, 54, 7, 184, 75, 57, 92, 6, 69, 199, 84, 183, 155, 55, 186, 134, 116, 142, 96, 99, 93, 89, 20, 16, 44, 62, 82, 144, 39, 113, 115, 67, 25, 18, 35, 81, 64, 171, 158, 33, 60, 88, 46, 192, 27, 177, 10, 161, 72, 179, 152, 76, 78, 22, 185, 190, 111, 137, 15, 85, 9, 48, 86, 132, 150, 37, 41, 47, 109, 26, 182, 174, 19, 114, 52, 29, 117, 160, 135, 173, 63, 79, 107, 24, 104, 42, 32, 123, 45, 196, 154], "distancia": 321.8516822442033, "tiempo": 546.6110413074493}}