{
  "genetico": {
    "ruta": [
      104,
      117,
      26,
      89,
      181,
      191,
      64,
      16,
      157,
      14,
      12,
      154,
      174,
      179,
      36,
      68,
      197,
      129,
      34,
      74,
      6,
      58,
      49,
      4,
      163,
      80,
      8,
      28,
      51,
      48,
      76,
      126,
      164,
      138,
      29,
      169,
      153,
      115,
      155,
      101,
      10,
      160,
      128,
      151,
      93,
      17,
      100,
      127,
      73,
      1,
      84,
      176,
      108,
      156,
      95,
      124,
      134,
      78,
      88,
      196,
      150,
      185,
      82,
      122,
      67,
      25,
      172,
      35,
      146,
      22,
      133,
      72,
      175,
      112,
      56,
      105,
      9,
      198,
      43,
      192,
      106,
      71,
      149,
      162,
      23,
      180,
      178,
      125,
      140,
      38,
      143,
      87,
      98,
      188,
      97,
      54,
      60,
      65,
      85,
      145,
      152,
      42,
      96,
      187,
      15,
      19,
      86,
      182,
      113,
      92,
      147,
      20,
      190,
      130,
      50,
      161,
      116,
      30,
      21,
      184,
      75,
      77,
      66,
      61,
      53,
      94,
      83,
      7,
      131,
      110,
      120,
      13,
      193,
      47,
      137,
      136,
      183,
      103,
      194,
      24,
      173,
      5,
      27,
      79,
      142,
      11,
      186,
      102,
      91,
      0,
      18,
      144,
      189,
      2,
      40,
      166,
      55,
      31,
      44,
      132,
      62,
      165,
      139,
      33,
      39,
      168,
      123,
      141,
      46,
      59,
      121,
      81,
      199,
      3,
      114,
      107,
      135,
      159,
      148,
      109,
      63,
      70,
      118,
      41,
      111,
      57,
      37,
      119,
      167,
      99,
      52,
      32,
      170,
      177,
      158,
      171,
      195,
      90,
      69,
      45
    ],
    "distancia": 1731.1438818938043,
    "tiempo": 26.343913793563843
  },
  "aco": {
    "ruta": [
      50,
      74,
      188,
      112,
      69,
      6,
      92,
      199,
      84,
      75,
      184,
      7,
      54,
      5,
      3,
      139,
      31,
      164,
      105,
      146,
      11,
      97,
      181,
      30,
      100,
      142,
      96,
      99,
      93,
      89,
      20,
      16,
      44,
      62,
      82,
      144,
      115,
      18,
      35,
      81,
      64,
      171,
      158,
      33,
      60,
      2,
      145,
      195,
      198,
      161,
      138,
      98,
      8,
      51,
      10,
      27,
      177,
      46,
      88,
      192,
      59,
      56,
      66,
      113,
      39,
      67,
      25,
      186,
      134,
      116,
      55,
      155,
      147,
      21,
      175,
      77,
      0,
      167,
      91,
      183,
      165,
      124,
      191,
      154,
      57,
      43,
      102,
      141,
      140,
      118,
      166,
      13,
      40,
      22,
      17,
      187,
      131,
      130,
      126,
      110,
      76,
      70,
      148,
      38,
      119,
      172,
      168,
      83,
      152,
      12,
      120,
      170,
      193,
      122,
      23,
      179,
      72,
      53,
      125,
      58,
      80,
      71,
      36,
      14,
      4,
      176,
      149,
      157,
      136,
      108,
      163,
      73,
      65,
      197,
      106,
      28,
      49,
      189,
      95,
      61,
      87,
      1,
      68,
      133,
      162,
      180,
      101,
      34,
      153,
      178,
      156,
      159,
      169,
      194,
      90,
      143,
      182,
      174,
      19,
      114,
      52,
      29,
      151,
      121,
      129,
      128,
      103,
      127,
      160,
      117,
      135,
      173,
      63,
      79,
      107,
      24,
      104,
      42,
      32,
      123,
      26,
      109,
      47,
      41,
      37,
      150,
      132,
      185,
      190,
      78,
      94,
      111,
      137,
      15,
      85,
      9,
      48,
      86,
      45,
      196,
      50
    ],
    "distancia": 327.98525938882466,
    "tiempo": 1221.0624070167542
  }
}