{
  "genetico": {
    "ruta": [
      27,
      8,
      32,
      21,
      3,
      30,
      23,
      35,
      17,
      22,
      0,
      6,
      25,
      28,
      1,
      2,
      12,
      9,
      19,
      36,
      4,
      26,
      16,
      33,
      38,
      13,
      37,
      20,
      11,
      5,
      7,
      14,
      10,
      39,
      15,
      34,
      29,
      24,
      18,
      31
    ],
    "distancia": 141.48360093176538,
    "tiempo": 2.335596799850464
  },
  "aco": {
    "ruta": [
      6,
      0,
      22,
      28,
      1,
      2,
      12,
      9,
      17,
      35,
      30,
      27,
      8,
      32,
      3,
      21,
      23,
      36,
      4,
      26,
      16,
      33,
      38,
      13,
      11,
      5,
      7,
      31,
      18,
      24,
      29,
      34,
      39,
      15,
      10,
      14,
      20,
      37,
      19,
      25,
      6
    ],
    "distancia": 112.67084690441294,
    "tiempo": 69.35354971885681
  }
}