{"genetico": {"ruta": [39, 34, 29, 24, 18, 31, 10, 14, 20, 7, 5, 11, 13, 37, 2, 1, 22, 0, 25, 6, 38, 33, 16, 26, 4, 36, 19, 15, 28, 12, 9, 17, 35, 23, 30, 27, 8, 32, 21, 3], "distancia": 154.52881458705522, "tiempo": 1.1728942394256592}, "aco": {"ruta": [25, 0, 22, 28, 1, 2, 12, 9, 17, 35, 30, 27, 8, 32, 3, 21, 23, 36, 4, 26, 16, 33, 38, 13, 11, 5, 7, 31, 18, 24, 29, 34, 39, 15, 10, 14, 20, 37, 19, 6, 25], "distancia": 112.67084690441294, "tiempo": 31.023646354675293}}