{
  "genetico": {
    "ruta": [
      8,
      60,
      66,
      61,
      69,
      14,
      94,
      58,
      45,
      24,
      51,
      95,
      99,
      67,
      38,
      30,
      77,
      76,
      32,
      74,
      37,
      29,
      21,
      48,
      68,
      42,
      80,
      5,
      9,
      7,
      13,
      54,
      90,
      88,
      79,
      73,
      96,
      34,
      28,
      65,
      12,
      59,
      15,
      71,
      81,
      98,
      70,
      0,
      56,
      55,
      6,
      47,
      82,
      26,
      86,
      36,
      19,
      78,
      20,
      83,
      85,
      22,
      89,
      43,
      91,
      49,
      63,
      64,
      1,
      10,
      17,
      50,
      33,
      72,
      16,
      46,
      40,
      84,
      31,
      92,
      39,
      3,
      87,
      25,
      4,
      2,
      93,
      57,
      27,
      18,
      11,
      62,
      52,
      53,
      41,
      97,
      44,
      75,
      23,
      35
    ],
    "distancia": 795.7654196484996,
    "tiempo": 8.453123331069946
  },
  "aco": {
    "ruta": [
      27,
      82,
      18,
      11,
      84,
      31,
      2,
      93,
      57,
      69,
      26,
      4,
      62,
      79,
      99,
      36,
      86,
      20,
      5,
      67,
      15,
      88,
      38,
      83,
      35,
      85,
      91,
      70,
      47,
      48,
      43,
      78,
      80,
      81,
      16,
      14,
      49,
      39,
      96,
      92,
      22,
      77,
      21,
      89,
      87,
      9,
      53,
      42,
      6,
      59,
      1,
      23,
      10,
      33,
      24,
      45,
      72,
      95,
      76,
      71,
      34,
      32,
      98,
      3,
      0,
      30,
      52,
      68,
      65,
      56,
      55,
      61,
      97,
      66,
      44,
      8,
      75,
      19,
      58,
      50,
      74,
      90,
      12,
      60,
      41,
      17,
      13,
      28,
      63,
      37,
      64,
      51,
      7,
      73,
      29,
      54,
      25,
      94,
      46,
      40,
      27
    ],
    "distancia": 217.3353418004462,
    "tiempo": 349.01137351989746
  }
}