{"genetico": {"ruta": [50, 60, 74, 40, 19, 28, 5, 36, 21, 65, 48, 42, 10, 59, 8, 52, 91, 70, 49, 3, 41, 37, 64, 12, 72, 35, 81, 87, 68, 67, 98, 61, 39, 80, 0, 34, 14, 96, 32, 38, 9, 86, 62, 46, 82, 6, 88, 95, 51, 57, 26, 1, 25, 73, 55, 23, 7, 27, 77, 43, 71, 33, 76, 92, 16, 15, 54, 89, 22, 83, 4, 31, 20, 18, 94, 63, 90, 29, 13, 99, 79, 2, 93, 11, 84, 69, 78, 44, 24, 47, 85, 53, 58, 17, 66, 75, 30, 97, 45, 56], "distancia": 763.9283385928301, "tiempo": 4.217135906219482}, "aco": {"ruta": [27, 82, 18, 11, 84, 31, 2, 93, 57, 69, 26, 4, 62, 79, 99, 86, 20, 5, 67, 15, 88, 38, 83, 35, 85, 91, 70, 47, 48, 43, 78, 80, 81, 16, 14, 49, 39, 96, 32, 98, 3, 0, 30, 52, 68, 65, 72, 95, 76, 71, 34, 92, 21, 77, 22, 89, 87, 9, 53, 42, 6, 59, 36, 1, 23, 10, 33, 24, 45, 55, 56, 61, 97, 66, 44, 8, 75, 19, 58, 50, 74, 90, 12, 60, 41, 17, 13, 28, 63, 37, 64, 94, 51, 7, 73, 29, 54, 25, 46, 40, 27], "distancia": 212.5874051076572, "tiempo": 146.02963376045227}}