{"genetico": {"ruta": [91, 149, 66, 74, 73, 143, 117, 54, 156, 86, 76, 3, 41, 160, 52, 157, 42, 30, 191, 162, 9, 128, 173, 187, 70, 60, 6, 71, 80, 193, 127, 179, 152, 175, 15, 11, 18, 1, 121, 57, 99, 69, 48, 88, 101, 72, 144, 109, 59, 19, 77, 177, 78, 89, 28, 26, 12, 166, 22, 165, 106, 139, 82, 147, 133, 122, 21, 46, 132, 100, 79, 131, 148, 178, 45, 4, 119, 61, 44, 163, 190, 13, 182, 102, 198, 32, 17, 47, 40, 2, 104, 199, 35, 29, 49, 170, 105, 81, 108, 65, 87, 96, 189, 94, 150, 167, 14, 197, 185, 186, 95, 130, 116, 68, 10, 8, 37, 184, 5, 140, 34, 25, 192, 0, 90, 195, 39, 50, 158, 115, 145, 112, 83, 154, 181, 141, 23, 146, 142, 53, 168, 188, 43, 176, 129, 161, 63, 151, 110, 194, 169, 120, 55, 171, 135, 196, 134, 64, 27, 7, 103, 118, 111, 56, 24, 84, 174, 93, 85, 33, 138, 107, 136, 124, 51, 125, 183, 36, 159, 123, 92, 180, 75, 38, 62, 58, 155, 31, 113, 98, 20, 16, 172, 137, 97, 67, 126, 153, 164, 114], "distancia": 1699.8878956913118, "tiempo": 12.981316804885864}, "aco": {"ruta": [47, 150, 125, 132, 122, 133, 61, 131, 64, 175, 108, 140, 83, 147, 119, 124, 78, 84, 174, 73, 178, 95, 121, 193, 16, 18, 148, 53, 117, 97, 45, 72, 34, 137, 17, 24, 68, 1, 38, 96, 44, 87, 65, 32, 136, 48, 85, 54, 75, 51, 160, 138, 60, 99, 12, 195, 90, 166, 112, 27, 143, 162, 168, 179, 113, 155, 152, 43, 91, 76, 92, 186, 196, 156, 14, 177, 169, 107, 0, 41, 56, 158, 185, 57, 22, 2, 118, 181, 144, 6, 8, 187, 37, 39, 42, 123, 101, 3, 50, 111, 29, 190, 66, 135, 70, 98, 7, 189, 149, 93, 94, 74, 19, 4, 197, 77, 141, 69, 13, 28, 89, 104, 10, 26, 46, 146, 142, 159, 52, 88, 163, 23, 71, 145, 192, 134, 116, 36, 100, 157, 115, 80, 128, 79, 33, 110, 103, 171, 199, 154, 106, 180, 82, 165, 130, 62, 25, 35, 139, 40, 58, 30, 55, 188, 20, 191, 161, 21, 127, 86, 151, 198, 173, 63, 176, 182, 129, 114, 194, 105, 49, 120, 5, 59, 183, 167, 184, 15, 9, 109, 102, 11, 67, 126, 164, 172, 81, 170, 153, 31, 47], "distancia": 320.1696249048367, "tiempo": 519.1529784202576}}