{
  "genetico": {
    "ruta": [
      196,
      18,
      146,
      41,
      104,
      86,
      137,
      88,
      58,
      186,
      22,
      12,
      89,
      9,
      116,
      102,
      167,
      1,
      158,
      28,
      108,
      45,
      20,
      21,
      191,
      174,
      26,
      143,
      160,
      152,
      99,
      131,
      24,
      123,
      111,
      144,
      156,
      13,
      112,
      31,
      172,
      184,
      164,
      97,
      54,
      139,
      79,
      8,
      133,
      122,
      141,
      36,
      198,
      138,
      130,
      153,
      194,
      5,
      135,
      189,
      37,
      63,
      91,
      155,
      183,
      193,
      43,
      65,
      68,
      128,
      35,
      121,
      180,
      106,
      74,
      124,
      73,
      56,
      52,
      190,
      81,
      15,
      67,
      93,
      149,
      177,
      185,
      178,
      14,
      6,
      85,
      69,
      147,
      148,
      51,
      192,
      61,
      53,
      71,
      163,
      197,
      77,
      72,
      39,
      0,
      125,
      118,
      2,
      145,
      115,
      3,
      49,
      169,
      98,
      161,
      188,
      136,
      47,
      199,
      32,
      34,
      103,
      94,
      70,
      76,
      83,
      96,
      166,
      195,
      132,
      59,
      170,
      109,
      46,
      154,
      173,
      142,
      50,
      4,
      40,
      78,
      168,
      7,
      159,
      23,
      127,
      114,
      129,
      176,
      182,
      105,
      162,
      119,
      117,
      175,
      17,
      92,
      113,
      75,
      16,
      84,
      25,
      38,
      151,
      60,
      140,
      87,
      27,
      126,
      120,
      44,
      107,
      95,
      48,
      55,
      187,
      19,
      179,
      82,
      62,
      30,
      181,
      134,
      165,
      110,
      80,
      42,
      33,
      66,
      171,
      100,
      90,
      150,
      64,
      57,
      29,
      11,
      101,
      157,
      10
    ],
    "distancia": 1699.57200301385,
    "tiempo": 27.436196327209473
  },
  "aco": {
    "ruta": [
      162,
      143,
      167,
      168,
      179,
      113,
      155,
      152,
      184,
      15,
      9,
      109,
      102,
      11,
      67,
      126,
      164,
      172,
      81,
      170,
      153,
      105,
      49,
      120,
      5,
      59,
      183,
      84,
      174,
      73,
      178,
      95,
      83,
      147,
      119,
      124,
      47,
      150,
      125,
      78,
      132,
      122,
      133,
      61,
      131,
      64,
      175,
      108,
      140,
      53,
      117,
      97,
      45,
      160,
      193,
      16,
      18,
      148,
      121,
      51,
      72,
      34,
      137,
      17,
      24,
      68,
      1,
      38,
      96,
      44,
      87,
      65,
      32,
      136,
      48,
      85,
      75,
      54,
      89,
      60,
      99,
      12,
      195,
      90,
      166,
      112,
      27,
      138,
      28,
      13,
      69,
      141,
      77,
      197,
      4,
      19,
      181,
      144,
      2,
      39,
      42,
      37,
      8,
      187,
      198,
      71,
      21,
      86,
      173,
      116,
      36,
      100,
      157,
      115,
      80,
      128,
      79,
      33,
      110,
      103,
      171,
      199,
      154,
      106,
      180,
      82,
      165,
      130,
      62,
      25,
      35,
      139,
      40,
      58,
      30,
      55,
      188,
      104,
      10,
      26,
      46,
      146,
      142,
      159,
      52,
      88,
      163,
      23,
      6,
      118,
      22,
      158,
      185,
      57,
      56,
      41,
      0,
      50,
      111,
      29,
      190,
      66,
      135,
      70,
      98,
      7,
      189,
      149,
      93,
      43,
      91,
      76,
      92,
      186,
      196,
      156,
      14,
      177,
      94,
      107,
      169,
      74,
      3,
      101,
      123,
      127,
      145,
      192,
      134,
      151,
      191,
      20,
      161,
      63,
      182,
      176,
      129,
      114,
      194,
      31,
      162
    ],
    "distancia": 322.3907690009059,
    "tiempo": 1210.4115908145905
  }
}