{
  "genetico": {
    "ruta": [
      38,
      71,
      64,
      37,
      58,
      72,
      67,
      74,
      34,
      87,
      47,
      78,
      10,
      22,
      59,
      95,
      35,
      90,
      82,
      24,
      6,
      31,
      60,
      45,
      84,
      8,
      17,
      23,
      50,
      66,
      53,
      43,
      65,
      0,
      86,
      99,
      36,
      14,
      68,
      15,
      9,
      62,
      56,
      40,
      25,
      41,
      63,
      98,
      85,
      93,
      39,
      12,
      7,
      73,
      28,
      46,
      1,
      94,
      16,
      29,
      26,
      80,
      70,
      51,
      83,
      54,
      97,
      5,
      44,
      49,
      89,
      88,
      91,
      18,
      81,
      48,
      61,
      11,
      52,
      92,
      96,
      13,
      27,
      69,
      79,
      57,
      21,
      4,
      77,
      3,
      20,
      33,
      76,
      19,
      30,
      75,
      2,
      42,
      32,
      55
    ],
    "distancia": 773.0697769539323,
    "tiempo": 8.790143966674805
  },
  "aco": {
    "ruta": [
      38,
      62,
      12,
      47,
      83,
      15,
      18,
      45,
      54,
      51,
      88,
      27,
      6,
      9,
      64,
      17,
      39,
      41,
      11,
      26,
      80,
      28,
      63,
      73,
      71,
      61,
      37,
      46,
      29,
      16,
      90,
      95,
      24,
      82,
      85,
      35,
      40,
      3,
      1,
      20,
      0,
      13,
      5,
      98,
      87,
      86,
      4,
      78,
      97,
      8,
      91,
      25,
      53,
      70,
      50,
      65,
      68,
      58,
      21,
      43,
      66,
      94,
      84,
      93,
      69,
      60,
      52,
      48,
      77,
      96,
      33,
      76,
      99,
      49,
      75,
      30,
      2,
      19,
      79,
      42,
      44,
      92,
      57,
      89,
      36,
      55,
      32,
      14,
      22,
      74,
      67,
      34,
      31,
      72,
      81,
      7,
      10,
      59,
      23,
      56,
      38
    ],
    "distancia": 217.52912930555027,
    "tiempo": 332.3448820114136
  }
}