{"genetico": {"ruta": [90, 97, 13, 94, 54, 3, 69, 68, 35, 95, 9, 21, 8, 27, 82, 1, 33, 57, 25, 51, 23, 78, 24, 6, 46, 29, 37, 53, 20, 30, 40, 52, 5, 70, 28, 80, 60, 49, 76, 89, 38, 81, 56, 31, 86, 41, 85, 14, 83, 12, 42, 99, 58, 47, 66, 87, 43, 10, 0, 34, 67, 4, 15, 62, 75, 77, 48, 84, 71, 39, 11, 61, 91, 65, 16, 50, 63, 26, 64, 93, 96, 79, 2, 55, 32, 36, 72, 88, 98, 19, 22, 18, 73, 45, 17, 7, 74, 59, 44, 92], "distancia": 814.6849852129197, "tiempo": 4.191170930862427}, "aco": {"ruta": [18, 15, 83, 47, 12, 62, 38, 10, 59, 23, 56, 87, 98, 5, 13, 0, 20, 1, 3, 52, 60, 69, 93, 84, 94, 66, 58, 21, 43, 68, 65, 8, 97, 45, 54, 51, 88, 27, 6, 9, 64, 39, 17, 11, 41, 26, 80, 28, 63, 73, 71, 53, 70, 25, 91, 50, 61, 37, 46, 29, 16, 90, 95, 24, 82, 85, 35, 40, 77, 96, 89, 36, 32, 55, 99, 76, 49, 30, 75, 2, 19, 79, 42, 44, 92, 57, 33, 48, 14, 22, 74, 67, 34, 31, 72, 81, 7, 86, 4, 78, 18], "distancia": 216.30844413436697, "tiempo": 149.0273265838623}}