{"genetico": {"ruta": [68, 59, 17, 72, 73, 76, 125, 86, 117, 30, 108, 129, 49, 63, 81, 95, 11, 25, 79, 3, 28, 46, 65, 41, 121, 138, 142, 20, 147, 57, 103, 15, 60, 12, 10, 0, 50, 71, 51, 99, 47, 85, 56, 82, 55, 26, 96, 139, 69, 101, 122, 43, 13, 149, 141, 42, 135, 18, 24, 133, 118, 88, 22, 105, 127, 91, 106, 34, 119, 128, 44, 100, 52, 131, 38, 146, 92, 37, 89, 66, 77, 107, 58, 83, 33, 148, 143, 113, 145, 111, 45, 78, 140, 114, 27, 84, 32, 137, 5, 16, 70, 120, 126, 75, 40, 29, 110, 6, 123, 93, 116, 97, 8, 98, 23, 109, 136, 19, 104, 64, 74, 67, 115, 7, 102, 9, 53, 35, 1, 134, 130, 87, 14, 61, 36, 2, 80, 124, 48, 31, 144, 54, 39, 132, 90, 94, 62, 4, 21, 112], "distancia": 1220.4923273207503, "tiempo": 7.900790214538574}, "aco": {"ruta": [31, 38, 145, 138, 143, 113, 144, 41, 121, 90, 35, 58, 37, 42, 89, 146, 27, 43, 96, 63, 25, 74, 100, 137, 133, 130, 62, 122, 110, 72, 95, 93, 29, 115, 125, 106, 6, 47, 97, 13, 78, 149, 107, 84, 30, 147, 4, 32, 50, 60, 86, 9, 52, 99, 103, 64, 15, 91, 127, 21, 73, 55, 116, 123, 57, 129, 76, 45, 101, 0, 53, 114, 119, 139, 69, 83, 81, 102, 7, 18, 33, 51, 109, 120, 19, 56, 68, 49, 82, 12, 48, 3, 59, 136, 70, 28, 112, 22, 105, 124, 88, 11, 23, 17, 80, 36, 85, 8, 104, 16, 46, 108, 40, 75, 126, 118, 66, 2, 134, 14, 67, 117, 140, 79, 26, 5, 94, 135, 148, 39, 34, 111, 128, 61, 131, 98, 65, 10, 71, 141, 142, 77, 132, 24, 87, 92, 44, 1, 20, 54, 31], "distancia": 284.2311964936565, "tiempo": 303.47711992263794}}