{
  "genetico": {
    "ruta": [
      91,
      13,
      19,
      25,
      44,
      39,
      35,
      59,
      70,
      85,
      54,
      38,
      144,
      81,
      80,
      75,
      64,
      79,
      108,
      104,
      87,
      88,
      107,
      142,
      110,
      45,
      112,
      77,
      67,
      43,
      33,
      47,
      78,
      103,
      130,
      74,
      69,
      60,
      127,
      98,
      61,
      145,
      90,
      6,
      50,
      29,
      48,
      102,
      14,
      126,
      84,
      86,
      92,
      26,
      114,
      97,
      27,
      125,
      122,
      5,
      113,
      121,
      131,
      109,
      143,
      34,
      137,
      9,
      99,
      21,
      101,
      116,
      16,
      7,
      93,
      76,
      63,
      53,
      37,
      42,
      135,
      149,
      55,
      52,
      115,
      72,
      146,
      96,
      31,
      41,
      141,
      124,
      20,
      147,
      138,
      51,
      100,
      2,
      66,
      40,
      105,
      82,
      22,
      10,
      65,
      139,
      56,
      68,
      133,
      89,
      83,
      1,
      120,
      24,
      12,
      148,
      17,
      23,
      136,
      106,
      18,
      58,
      119,
      15,
      117,
      140,
      118,
      46,
      30,
      73,
      134,
      36,
      49,
      123,
      57,
      94,
      0,
      129,
      71,
      111,
      132,
      32,
      11,
      28,
      3,
      128,
      95,
      4,
      8,
      62
    ],
    "distancia": 1240.489780866301,
    "tiempo": 16.157357931137085
  },
  "aco": {
    "ruta": [
      25,
      63,
      96,
      43,
      135,
      148,
      39,
      34,
      111,
      128,
      61,
      131,
      98,
      145,
      38,
      31,
      121,
      113,
      144,
      41,
      54,
      138,
      143,
      90,
      35,
      147,
      4,
      0,
      119,
      53,
      114,
      139,
      69,
      83,
      81,
      146,
      42,
      58,
      37,
      89,
      27,
      33,
      51,
      109,
      120,
      1,
      87,
      92,
      24,
      44,
      77,
      132,
      142,
      19,
      20,
      10,
      65,
      71,
      141,
      56,
      68,
      49,
      82,
      12,
      48,
      3,
      59,
      136,
      70,
      28,
      112,
      22,
      105,
      124,
      88,
      11,
      23,
      17,
      80,
      36,
      85,
      8,
      104,
      16,
      46,
      108,
      40,
      75,
      126,
      118,
      66,
      127,
      21,
      73,
      55,
      116,
      123,
      64,
      15,
      14,
      134,
      2,
      91,
      67,
      117,
      140,
      79,
      26,
      5,
      94,
      18,
      7,
      102,
      100,
      74,
      137,
      133,
      130,
      62,
      30,
      84,
      122,
      50,
      60,
      86,
      9,
      110,
      72,
      95,
      93,
      29,
      115,
      125,
      106,
      6,
      47,
      97,
      13,
      78,
      149,
      107,
      45,
      76,
      129,
      57,
      101,
      103,
      99,
      32,
      52,
      25
    ],
    "distancia": 280.5321312881995,
    "tiempo": 895.417769908905
  }
}