{
  "genetico": {
    "ruta": [
      35,
      27,
      13,
      34,
      8,
      11,
      22,
      32,
      36,
      21,
      3,
      16,
      9,
      30,
      23,
      6,
      1,
      39,
      33,
      20,
      12,
      15,
      4,
      38,
      7,
      26,
      29,
      10,
      2,
      5,
      28,
      25,
      31,
      37,
      19,
      17,
      24,
      0,
      14,
      18
    ],
    "distancia": 163.77540243207906,
    "tiempo": 2.27156925201416
  },
  "aco": {
    "ruta": [
      16,
      3,
      21,
      36,
      32,
      23,
      6,
      1,
      39,
      18,
      14,
      0,
      24,
      17,
      33,
      20,
      12,
      15,
      37,
      19,
      31,
      28,
      25,
      5,
      2,
      38,
      4,
      10,
      7,
      26,
      35,
      29,
      27,
      13,
      34,
      8,
      11,
      22,
      30,
      9,
      16
    ],
    "distancia": 141.77976743361637,
    "tiempo": 67.2673864364624
  }
}