{"genetico": {"ruta": [26, 10, 38, 7, 35, 27, 29, 9, 23, 12, 19, 2, 5, 28, 25, 31, 17, 24, 0, 14, 18, 39, 33, 1, 6, 20, 37, 4, 15, 30, 22, 32, 16, 3, 21, 36, 11, 8, 34, 13], "distancia": 172.34670375121595, "tiempo": 1.179574728012085}, "aco": {"ruta": [16, 3, 21, 36, 32, 30, 22, 9, 23, 6, 1, 39, 18, 14, 0, 24, 17, 33, 20, 12, 15, 37, 19, 31, 28, 25, 5, 2, 38, 4, 10, 7, 26, 35, 29, 27, 13, 34, 8, 11, 16], "distancia": 142.5959307960566, "tiempo": 32.15944170951843}}