{"genetico": {"ruta": [46, 21, 66, 55, 88, 22, 31, 39, 29, 3, 40, 45, 67, 24, 74, 6, 57, 20, 53, 37, 61, 54, 35, 64, 86, 27, 59, 98, 15, 16, 48, 7, 36, 80, 96, 72, 62, 94, 79, 44, 8, 60, 73, 28, 43, 13, 85, 77, 76, 14, 12, 63, 75, 84, 30, 51, 87, 81, 19, 89, 56, 33, 68, 71, 38, 90, 99, 83, 11, 34, 70, 9, 91, 42, 10, 58, 0, 78, 97, 32, 49, 25, 93, 95, 82, 41, 17, 18, 52, 2, 50, 69, 1, 26, 4, 47, 65, 23, 5, 92], "distancia": 701.5593512887207, "tiempo": 4.420013427734375}, "aco": {"ruta": [99, 86, 53, 81, 31, 72, 83, 32, 1, 11, 25, 74, 97, 6, 94, 58, 78, 89, 87, 22, 34, 90, 75, 27, 2, 70, 18, 43, 10, 49, 42, 52, 93, 59, 50, 73, 82, 69, 96, 80, 28, 95, 47, 5, 65, 23, 17, 4, 63, 92, 8, 64, 60, 44, 57, 67, 98, 41, 37, 84, 91, 54, 19, 35, 48, 46, 21, 38, 15, 88, 66, 16, 9, 55, 36, 45, 76, 7, 3, 77, 85, 56, 12, 68, 13, 24, 39, 40, 26, 62, 71, 61, 33, 29, 51, 79, 30, 0, 20, 14, 99], "distancia": 166.81332181932956, "tiempo": 150.210951089859}}