{
  "genetico": {
    "ruta": [
      18,
      81,
      74,
      11,
      59,
      31,
      89,
      52,
      53,
      29,
      42,
      51,
      28,
      73,
      10,
      95,
      80,
      65,
      82,
      50,
      5,
      22,
      99,
      26,
      3,
      77,
      21,
      45,
      15,
      71,
      25,
      79,
      98,
      13,
      56,
      35,
      33,
      75,
      19,
      97,
      6,
      91,
      87,
      94,
      24,
      86,
      14,
      90,
      27,
      0,
      72,
      23,
      54,
      67,
      20,
      49,
      43,
      7,
      92,
      4,
      48,
      37,
      93,
      64,
      1,
      78,
      70,
      96,
      47,
      8,
      44,
      34,
      39,
      40,
      68,
      12,
      62,
      84,
      58,
      83,
      32,
      61,
      46,
      41,
      57,
      76,
      30,
      17,
      69,
      60,
      2,
      63,
      36,
      16,
      85,
      88,
      9,
      38,
      55,
      66
    ],
    "distancia": 714.9924659487608,
    "tiempo": 8.813872575759888
  },
  "aco": {
    "ruta": [
      78,
      29,
      79,
      51,
      30,
      0,
      20,
      70,
      18,
      43,
      10,
      49,
      42,
      52,
      93,
      59,
      50,
      73,
      82,
      69,
      28,
      80,
      96,
      95,
      47,
      5,
      65,
      23,
      17,
      4,
      63,
      92,
      8,
      64,
      60,
      44,
      57,
      67,
      98,
      41,
      37,
      84,
      91,
      54,
      19,
      35,
      48,
      46,
      21,
      38,
      15,
      66,
      88,
      16,
      9,
      55,
      36,
      45,
      61,
      3,
      7,
      77,
      85,
      56,
      12,
      68,
      13,
      24,
      39,
      40,
      26,
      62,
      71,
      76,
      33,
      34,
      90,
      75,
      27,
      2,
      22,
      89,
      87,
      14,
      86,
      58,
      81,
      31,
      72,
      83,
      11,
      1,
      32,
      25,
      74,
      97,
      6,
      94,
      53,
      99,
      78
    ],
    "distancia": 166.18197884037994,
    "tiempo": 357.56325244903564
  }
}