{"genetico": {"ruta": [37, 86, 21, 61, 77, 42, 91, 24, 22, 13, 20, 4, 1, 58, 93, 74, 92, 94, 26, 56, 85, 29, 97, 88, 33, 57, 8, 81, 32, 27, 68, 15, 95, 66, 46, 0, 60, 55, 44, 83, 45, 69, 14, 89, 12, 98, 28, 59, 75, 34, 10, 7, 87, 79, 99, 18, 38, 96, 52, 84, 63, 54, 62, 30, 35, 3, 31, 17, 48, 70, 53, 78, 64, 51, 67, 49, 65, 25, 76, 72, 36, 2, 39, 50, 40, 11, 80, 23, 5, 9, 16, 47, 6, 73, 41, 43, 82, 71, 90, 19], "distancia": 800.9088327810097, "tiempo": 4.522039175033569}, "aco": {"ruta": [85, 54, 7, 61, 82, 0, 58, 43, 35, 67, 22, 19, 6, 83, 30, 77, 51, 50, 11, 81, 42, 28, 23, 40, 16, 24, 13, 47, 91, 8, 9, 80, 62, 27, 5, 92, 56, 68, 15, 37, 94, 98, 12, 86, 99, 87, 48, 60, 38, 10, 64, 17, 90, 55, 44, 53, 1, 88, 4, 79, 41, 66, 73, 72, 36, 20, 39, 2, 25, 76, 70, 59, 14, 69, 45, 65, 18, 32, 71, 89, 46, 26, 95, 78, 33, 49, 31, 96, 3, 34, 97, 21, 29, 75, 52, 84, 93, 74, 63, 57, 85], "distancia": 239.0185089764573, "tiempo": 146.1126992702484}}