{
  "genetico": {
    "ruta": [
      41,
      60,
      95,
      48,
      86,
      92,
      39,
      65,
      33,
      15,
      49,
      78,
      96,
      31,
      81,
      35,
      99,
      50,
      80,
      47,
      19,
      10,
      93,
      38,
      3,
      57,
      53,
      88,
      17,
      64,
      18,
      14,
      70,
      30,
      2,
      25,
      72,
      20,
      69,
      45,
      12,
      66,
      59,
      36,
      73,
      67,
      40,
      26,
      6,
      8,
      23,
      11,
      5,
      55,
      76,
      90,
      1,
      79,
      34,
      21,
      56,
      84,
      63,
      87,
      58,
      83,
      98,
      46,
      32,
      54,
      77,
      9,
      62,
      16,
      61,
      52,
      28,
      22,
      51,
      43,
      0,
      68,
      29,
      75,
      97,
      89,
      94,
      7,
      24,
      42,
      85,
      82,
      13,
      74,
      37,
      27,
      91,
      71,
      4,
      44
    ],
    "distancia": 828.6785801593196,
    "tiempo": 8.805492877960205
  },
  "aco": {
    "ruta": [
      2,
      25,
      76,
      73,
      72,
      36,
      20,
      39,
      65,
      18,
      38,
      10,
      71,
      89,
      46,
      78,
      33,
      98,
      94,
      12,
      15,
      37,
      61,
      82,
      0,
      58,
      86,
      99,
      87,
      48,
      60,
      4,
      79,
      41,
      66,
      1,
      88,
      53,
      90,
      55,
      17,
      44,
      64,
      32,
      95,
      26,
      49,
      31,
      3,
      96,
      34,
      97,
      21,
      29,
      75,
      52,
      84,
      93,
      74,
      63,
      57,
      85,
      54,
      7,
      68,
      56,
      92,
      27,
      5,
      80,
      62,
      9,
      8,
      91,
      47,
      13,
      24,
      16,
      40,
      23,
      81,
      42,
      28,
      11,
      51,
      77,
      50,
      22,
      67,
      35,
      43,
      19,
      6,
      83,
      30,
      59,
      70,
      14,
      45,
      69,
      2
    ],
    "distancia": 232.83747142245736,
    "tiempo": 334.83552384376526
  }
}