{
  "genetico": {
    "ruta": [
      125,
      129,
      14,
      62,
      81,
      102,
      136,
      61,
      17,
      165,
      56,
      36,
      35,
      140,
      85,
      142,
      158,
      192,
      50,
      120,
      42,
      103,
      22,
      135,
      20,
      104,
      161,
      154,
      76,
      43,
      185,
      126,
      97,
      180,
      32,
      74,
      90,
      53,
      148,
      119,
      31,
      52,
      138,
      4,
      144,
      25,
      181,
      134,
      107,
      55,
      70,
      111,
      117,
      23,
      69,
      128,
      156,
      95,
      26,
      174,
      58,
      11,
      173,
      183,
      127,
      114,
      124,
      80,
      37,
      153,
      57,
      175,
      170,
      77,
      182,
      179,
      28,
      7,
      78,
      48,
      160,
      75,
      18,
      88,
      145,
      191,
      157,
      9,
      45,
      146,
      143,
      116,
      109,
      198,
      73,
      190,
      59,
      30,
      184,
      49,
      63,
      39,
      133,
      71,
      168,
      194,
      67,
      0,
      155,
      199,
      40,
      29,
      87,
      2,
      197,
      5,
      193,
      82,
      1,
      188,
      151,
      178,
      99,
      16,
      118,
      171,
      46,
      131,
      101,
      163,
      115,
      110,
      79,
      54,
      123,
      150,
      15,
      195,
      121,
      93,
      164,
      149,
      98,
      34,
      89,
      86,
      166,
      172,
      13,
      96,
      60,
      51,
      196,
      152,
      91,
      122,
      47,
      186,
      8,
      64,
      177,
      66,
      92,
      112,
      27,
      176,
      132,
      84,
      169,
      33,
      38,
      21,
      41,
      83,
      3,
      113,
      106,
      100,
      141,
      159,
      147,
      72,
      130,
      189,
      68,
      10,
      139,
      6,
      44,
      187,
      12,
      162,
      167,
      94,
      19,
      24,
      65,
      105,
      108,
      137
    ],
    "distancia": 1715.9149824053982,
    "tiempo": 25.91914176940918
  },
  "aco": {
    "ruta": [
      97,
      3,
      44,
      134,
      143,
      76,
      198,
      26,
      155,
      111,
      146,
      179,
      190,
      199,
      174,
      165,
      59,
      113,
      11,
      104,
      20,
      154,
      1,
      135,
      24,
      182,
      45,
      129,
      63,
      132,
      120,
      0,
      108,
      39,
      117,
      15,
      74,
      77,
      150,
      61,
      151,
      83,
      43,
      17,
      102,
      188,
      91,
      156,
      161,
      160,
      109,
      136,
      32,
      158,
      31,
      180,
      14,
      28,
      197,
      2,
      196,
      114,
      118,
      183,
      88,
      157,
      7,
      152,
      79,
      70,
      35,
      124,
      16,
      127,
      110,
      85,
      173,
      40,
      5,
      167,
      55,
      78,
      149,
      87,
      131,
      139,
      99,
      80,
      133,
      166,
      164,
      140,
      142,
      128,
      47,
      22,
      122,
      23,
      82,
      168,
      193,
      186,
      68,
      184,
      100,
      121,
      107,
      141,
      4,
      93,
      106,
      126,
      25,
      145,
      54,
      181,
      170,
      162,
      172,
      60,
      62,
      163,
      52,
      147,
      10,
      75,
      96,
      57,
      189,
      50,
      169,
      13,
      101,
      38,
      19,
      191,
      94,
      115,
      175,
      178,
      41,
      192,
      30,
      21,
      123,
      144,
      90,
      58,
      130,
      67,
      33,
      153,
      73,
      84,
      49,
      65,
      36,
      105,
      42,
      69,
      56,
      34,
      8,
      159,
      116,
      187,
      137,
      71,
      195,
      72,
      18,
      89,
      46,
      177,
      9,
      81,
      171,
      138,
      12,
      92,
      53,
      37,
      86,
      112,
      6,
      176,
      194,
      64,
      148,
      66,
      98,
      29,
      51,
      48,
      95,
      27,
      119,
      125,
      103,
      185,
      97
    ],
    "distancia": 332.13818376885575,
    "tiempo": 1299.1051197052002
  }
}