{"genetico": {"ruta": [103, 34, 133, 180, 26, 32, 106, 53, 141, 193, 29, 39, 56, 120, 20, 61, 46, 76, 198, 22, 154, 5, 35, 142, 176, 113, 81, 59, 94, 153, 77, 17, 129, 158, 108, 97, 21, 166, 130, 72, 75, 170, 30, 185, 87, 167, 139, 100, 95, 86, 112, 186, 96, 132, 99, 27, 42, 143, 161, 144, 24, 174, 179, 71, 52, 44, 8, 188, 137, 48, 126, 148, 169, 84, 68, 7, 197, 2, 183, 196, 4, 140, 194, 64, 6, 124, 40, 191, 14, 150, 151, 160, 89, 171, 36, 159, 63, 163, 172, 168, 25, 38, 55, 85, 70, 152, 66, 43, 83, 123, 128, 192, 69, 125, 107, 47, 15, 91, 195, 0, 177, 111, 149, 145, 13, 41, 117, 114, 138, 187, 119, 51, 135, 199, 178, 90, 122, 147, 67, 134, 28, 16, 155, 92, 82, 157, 60, 19, 58, 175, 37, 31, 45, 109, 33, 73, 9, 105, 10, 164, 3, 184, 121, 23, 49, 11, 101, 162, 190, 80, 50, 181, 189, 102, 182, 156, 1, 18, 12, 74, 146, 131, 98, 57, 54, 62, 65, 116, 88, 110, 78, 118, 136, 93, 104, 165, 115, 79, 173, 127], "distancia": 1772.1610503921584, "tiempo": 12.998612880706787}, "aco": {"ruta": [114, 196, 110, 85, 173, 40, 5, 70, 16, 124, 35, 127, 149, 87, 55, 167, 78, 131, 139, 99, 80, 133, 166, 164, 140, 142, 128, 47, 22, 122, 23, 82, 168, 193, 186, 68, 184, 100, 121, 107, 141, 4, 93, 106, 126, 25, 54, 181, 170, 162, 172, 60, 163, 62, 147, 52, 57, 10, 75, 96, 145, 189, 50, 169, 13, 101, 38, 19, 191, 94, 115, 175, 178, 41, 192, 30, 21, 84, 130, 58, 90, 144, 123, 150, 61, 151, 83, 43, 154, 1, 135, 24, 182, 45, 129, 63, 132, 120, 32, 136, 198, 76, 155, 160, 146, 179, 190, 199, 174, 165, 59, 113, 11, 104, 20, 156, 91, 188, 161, 143, 109, 14, 31, 180, 111, 134, 44, 97, 3, 185, 125, 119, 27, 103, 56, 69, 42, 105, 36, 65, 49, 0, 108, 153, 33, 67, 39, 117, 15, 74, 77, 17, 102, 26, 72, 18, 46, 177, 9, 81, 171, 89, 95, 8, 34, 29, 66, 148, 64, 194, 176, 6, 112, 86, 53, 37, 92, 12, 138, 98, 48, 51, 73, 195, 71, 137, 187, 116, 159, 158, 28, 79, 152, 7, 157, 88, 183, 118, 197, 2, 114], "distancia": 330.7372811496678, "tiempo": 512.674129486084}}