{"genetico": {"ruta": [101, 54, 32, 168, 35, 50, 80, 81, 169, 196, 138, 89, 24, 139, 173, 150, 84, 98, 56, 42, 64, 154, 45, 193, 130, 124, 17, 83, 115, 86, 14, 147, 75, 23, 182, 9, 39, 88, 171, 153, 77, 162, 92, 161, 6, 170, 146, 85, 94, 30, 55, 78, 190, 97, 181, 37, 51, 20, 163, 192, 142, 118, 13, 103, 53, 48, 144, 28, 197, 34, 95, 71, 133, 160, 126, 122, 140, 43, 128, 27, 99, 166, 123, 63, 195, 62, 61, 76, 67, 116, 178, 180, 33, 3, 57, 114, 40, 104, 151, 134, 127, 66, 60, 58, 110, 191, 120, 175, 10, 131, 199, 52, 31, 179, 164, 137, 158, 135, 187, 189, 117, 113, 4, 108, 44, 143, 119, 36, 183, 111, 16, 22, 25, 69, 157, 194, 68, 165, 159, 72, 87, 132, 41, 136, 148, 11, 112, 74, 7, 70, 155, 15, 96, 129, 105, 109, 186, 46, 176, 5, 177, 12, 106, 82, 152, 18, 167, 100, 185, 174, 90, 59, 125, 26, 121, 29, 38, 65, 47, 145, 156, 91, 2, 8, 149, 21, 93, 107, 184, 198, 102, 172, 141, 49, 1, 0, 19, 73, 188, 79], "distancia": 1677.23325710594, "tiempo": 12.912979125976562}, "aco": {"ruta": [6, 166, 37, 126, 77, 128, 182, 177, 84, 40, 94, 22, 150, 85, 0, 59, 102, 43, 88, 42, 70, 1, 178, 159, 145, 25, 67, 56, 180, 161, 63, 45, 162, 181, 163, 39, 11, 20, 65, 33, 154, 18, 16, 129, 49, 192, 108, 41, 31, 157, 64, 195, 21, 116, 8, 194, 71, 148, 105, 15, 153, 127, 183, 111, 188, 51, 47, 103, 44, 171, 62, 79, 12, 117, 186, 13, 118, 143, 158, 190, 141, 34, 142, 130, 119, 197, 138, 114, 61, 134, 14, 198, 100, 136, 112, 133, 80, 87, 137, 74, 48, 144, 184, 73, 57, 55, 23, 121, 72, 176, 46, 167, 165, 164, 132, 5, 115, 35, 86, 155, 189, 139, 99, 95, 170, 50, 146, 92, 9, 38, 113, 89, 24, 30, 152, 29, 104, 122, 27, 109, 96, 173, 179, 2, 123, 151, 36, 68, 187, 28, 160, 91, 98, 3, 174, 172, 185, 110, 191, 125, 26, 83, 17, 175, 120, 131, 10, 101, 156, 124, 81, 66, 93, 147, 54, 168, 135, 169, 58, 199, 60, 78, 19, 106, 82, 90, 52, 7, 196, 75, 97, 53, 149, 193, 32, 107, 69, 140, 4, 76, 6], "distancia": 300.02436379919146, "tiempo": 513.9319524765015}}