{
  "genetico": {
    "ruta": [
      31,
      86,
      193,
      104,
      5,
      113,
      15,
      67,
      163,
      167,
      190,
      93,
      177,
      42,
      181,
      178,
      161,
      56,
      1,
      38,
      91,
      68,
      13,
      97,
      169,
      168,
      132,
      74,
      22,
      94,
      29,
      4,
      173,
      129,
      12,
      72,
      89,
      166,
      62,
      138,
      101,
      139,
      144,
      198,
      47,
      189,
      150,
      43,
      76,
      111,
      87,
      148,
      88,
      69,
      60,
      199,
      26,
      79,
      165,
      2,
      9,
      50,
      194,
      149,
      151,
      48,
      112,
      61,
      136,
      16,
      80,
      164,
      184,
      99,
      98,
      155,
      170,
      30,
      84,
      35,
      123,
      186,
      115,
      63,
      183,
      39,
      130,
      85,
      109,
      102,
      34,
      137,
      78,
      158,
      19,
      83,
      122,
      40,
      152,
      126,
      59,
      103,
      182,
      172,
      51,
      100,
      52,
      106,
      105,
      90,
      46,
      120,
      10,
      54,
      28,
      21,
      159,
      18,
      116,
      14,
      143,
      162,
      73,
      55,
      121,
      154,
      24,
      27,
      96,
      128,
      6,
      188,
      135,
      174,
      8,
      0,
      37,
      32,
      33,
      20,
      92,
      192,
      41,
      160,
      95,
      58,
      17,
      71,
      49,
      180,
      107,
      119,
      141,
      57,
      77,
      153,
      108,
      3,
      23,
      36,
      64,
      145,
      171,
      117,
      146,
      125,
      134,
      118,
      147,
      45,
      195,
      127,
      175,
      191,
      110,
      156,
      81,
      131,
      7,
      124,
      157,
      11,
      70,
      133,
      185,
      196,
      187,
      179,
      75,
      140,
      65,
      53,
      176,
      114,
      82,
      142,
      44,
      197,
      66,
      25
    ],
    "distancia": 1655.7708878442866,
    "tiempo": 29.63912081718445
  },
  "aco": {
    "ruta": [
      197,
      119,
      130,
      138,
      47,
      103,
      188,
      183,
      111,
      51,
      44,
      171,
      107,
      32,
      193,
      149,
      140,
      159,
      178,
      67,
      56,
      180,
      161,
      63,
      102,
      43,
      59,
      0,
      85,
      88,
      42,
      70,
      1,
      25,
      40,
      94,
      22,
      89,
      4,
      24,
      30,
      152,
      29,
      177,
      182,
      84,
      128,
      77,
      126,
      37,
      166,
      6,
      163,
      39,
      11,
      20,
      65,
      33,
      154,
      69,
      129,
      16,
      18,
      62,
      86,
      173,
      96,
      109,
      27,
      104,
      122,
      38,
      113,
      150,
      45,
      145,
      181,
      162,
      76,
      31,
      157,
      64,
      49,
      192,
      108,
      41,
      195,
      97,
      53,
      75,
      127,
      196,
      105,
      15,
      153,
      116,
      8,
      194,
      71,
      21,
      148,
      52,
      90,
      82,
      106,
      7,
      142,
      34,
      141,
      190,
      158,
      143,
      118,
      13,
      186,
      117,
      12,
      79,
      35,
      115,
      5,
      155,
      189,
      139,
      99,
      170,
      50,
      95,
      146,
      92,
      9,
      179,
      36,
      68,
      187,
      28,
      151,
      123,
      2,
      164,
      132,
      165,
      46,
      167,
      72,
      121,
      23,
      55,
      57,
      174,
      172,
      73,
      144,
      48,
      112,
      136,
      133,
      80,
      100,
      198,
      14,
      61,
      134,
      19,
      66,
      93,
      147,
      54,
      168,
      135,
      58,
      169,
      78,
      60,
      199,
      83,
      17,
      175,
      120,
      131,
      101,
      156,
      124,
      81,
      10,
      125,
      26,
      110,
      191,
      185,
      74,
      137,
      87,
      184,
      98,
      3,
      91,
      160,
      176,
      114,
      197
    ],
    "distancia": 299.2946841983591,
    "tiempo": 1327.4300730228424
  }
}