{
  "genetico": {
    "ruta": [
      99,
      25,
      11,
      2,
      76,
      55,
      60,
      69,
      7,
      53,
      83,
      96,
      78,
      36,
      35,
      81,
      38,
      46,
      73,
      34,
      52,
      54,
      30,
      97,
      39,
      8,
      91,
      21,
      22,
      29,
      42,
      32,
      82,
      80,
      59,
      24,
      98,
      70,
      50,
      85,
      58,
      6,
      19,
      89,
      12,
      0,
      92,
      75,
      86,
      90,
      28,
      66,
      41,
      93,
      68,
      48,
      65,
      26,
      47,
      63,
      18,
      74,
      31,
      71,
      9,
      51,
      23,
      33,
      84,
      1,
      77,
      44,
      37,
      10,
      67,
      88,
      5,
      17,
      13,
      49,
      15,
      4,
      57,
      87,
      14,
      79,
      95,
      20,
      62,
      94,
      27,
      3,
      16,
      56,
      43,
      45,
      61,
      40,
      72,
      64
    ],
    "distancia": 726.9009859696986,
    "tiempo": 9.158999681472778
  },
  "aco": {
    "ruta": [
      79,
      76,
      55,
      57,
      60,
      8,
      3,
      4,
      45,
      71,
      61,
      9,
      22,
      68,
      81,
      38,
      43,
      23,
      89,
      51,
      32,
      21,
      75,
      44,
      82,
      58,
      31,
      10,
      96,
      78,
      18,
      93,
      94,
      69,
      42,
      36,
      16,
      53,
      47,
      26,
      37,
      7,
      41,
      6,
      92,
      64,
      40,
      19,
      87,
      63,
      73,
      46,
      72,
      74,
      20,
      62,
      33,
      12,
      84,
      83,
      1,
      27,
      28,
      0,
      88,
      67,
      50,
      70,
      24,
      85,
      98,
      90,
      59,
      80,
      86,
      48,
      5,
      56,
      65,
      13,
      35,
      17,
      29,
      97,
      39,
      66,
      77,
      91,
      49,
      25,
      54,
      30,
      95,
      34,
      14,
      52,
      15,
      11,
      2,
      99,
      79
    ],
    "distancia": 181.74557037214706,
    "tiempo": 474.0691485404968
  }
}