{"genetico": {"ruta": [13, 5, 47, 67, 88, 58, 10, 0, 22, 17, 3, 29, 86, 80, 12, 28, 25, 55, 57, 76, 11, 52, 8, 92, 99, 65, 70, 85, 73, 6, 68, 42, 91, 30, 39, 43, 69, 96, 18, 63, 36, 64, 23, 32, 56, 48, 77, 61, 1, 81, 78, 94, 53, 37, 19, 46, 89, 16, 38, 45, 72, 33, 59, 7, 71, 2, 60, 41, 4, 51, 9, 50, 24, 97, 66, 95, 49, 75, 87, 84, 74, 44, 82, 93, 31, 40, 34, 14, 79, 15, 83, 62, 21, 98, 90, 35, 27, 20, 26, 54], "distancia": 742.7730011625918, "tiempo": 4.099944829940796}, "aco": {"ruta": [79, 76, 55, 57, 60, 8, 3, 4, 45, 9, 22, 68, 81, 38, 43, 23, 89, 51, 32, 21, 82, 44, 75, 19, 64, 40, 61, 71, 92, 6, 16, 53, 41, 7, 37, 47, 42, 69, 72, 74, 20, 78, 18, 93, 94, 26, 46, 73, 63, 87, 36, 58, 31, 10, 96, 62, 33, 12, 84, 83, 1, 27, 28, 0, 88, 67, 50, 85, 24, 70, 98, 90, 59, 86, 48, 5, 56, 65, 80, 35, 13, 17, 29, 97, 39, 66, 77, 91, 49, 25, 54, 30, 95, 34, 14, 52, 15, 11, 2, 99, 79], "distancia": 181.2724426976931, "tiempo": 146.53745698928833}}