{
  "genetico": {
    "ruta": [
      73,
      19,
      74,
      76,
      161,
      18,
      11,
      64,
      40,
      173,
      66,
      53,
      97,
      172,
      150,
      130,
      133,
      47,
      5,
      184,
      84,
      147,
      166,
      199,
      30,
      65,
      167,
      198,
      178,
      192,
      113,
      131,
      67,
      52,
      197,
      49,
      177,
      55,
      140,
      163,
      51,
      86,
      35,
      196,
      48,
      46,
      188,
      68,
      152,
      1,
      83,
      39,
      132,
      4,
      29,
      75,
      108,
      194,
      25,
      26,
      129,
      125,
      81,
      82,
      17,
      27,
      182,
      112,
      174,
      91,
      159,
      179,
      181,
      61,
      191,
      98,
      34,
      126,
      110,
      186,
      103,
      175,
      153,
      95,
      105,
      50,
      71,
      9,
      23,
      168,
      135,
      121,
      20,
      96,
      169,
      176,
      151,
      127,
      93,
      134,
      62,
      94,
      37,
      111,
      32,
      109,
      104,
      158,
      162,
      24,
      142,
      87,
      148,
      139,
      149,
      3,
      43,
      54,
      14,
      36,
      72,
      63,
      7,
      170,
      8,
      160,
      137,
      58,
      107,
      128,
      38,
      80,
      88,
      136,
      16,
      141,
      101,
      22,
      99,
      12,
      190,
      156,
      183,
      0,
      85,
      171,
      70,
      77,
      143,
      116,
      117,
      90,
      31,
      180,
      187,
      41,
      28,
      115,
      120,
      15,
      6,
      164,
      89,
      2,
      79,
      57,
      114,
      123,
      56,
      185,
      193,
      59,
      122,
      155,
      195,
      92,
      10,
      119,
      100,
      145,
      118,
      154,
      33,
      13,
      102,
      45,
      157,
      42,
      69,
      21,
      138,
      124,
      189,
      78,
      146,
      144,
      44,
      106,
      60,
      165
    ],
    "distancia": 1722.4209643116803,
    "tiempo": 28.56786060333252
  },
  "aco": {
    "ruta": [
      170,
      185,
      54,
      111,
      31,
      121,
      19,
      110,
      24,
      157,
      6,
      41,
      3,
      156,
      154,
      0,
      190,
      160,
      183,
      45,
      25,
      179,
      58,
      62,
      101,
      65,
      197,
      145,
      148,
      159,
      151,
      87,
      75,
      132,
      43,
      29,
      76,
      42,
      26,
      192,
      81,
      91,
      198,
      39,
      47,
      93,
      60,
      152,
      169,
      186,
      99,
      18,
      4,
      84,
      63,
      11,
      12,
      59,
      30,
      92,
      17,
      53,
      130,
      97,
      34,
      123,
      56,
      85,
      146,
      122,
      57,
      114,
      61,
      71,
      22,
      69,
      88,
      98,
      155,
      44,
      144,
      112,
      139,
      199,
      37,
      72,
      1,
      165,
      135,
      64,
      83,
      55,
      33,
      79,
      184,
      116,
      106,
      168,
      49,
      118,
      86,
      178,
      40,
      194,
      143,
      187,
      108,
      51,
      5,
      180,
      177,
      117,
      27,
      15,
      134,
      82,
      107,
      115,
      36,
      10,
      89,
      74,
      166,
      164,
      137,
      38,
      147,
      20,
      125,
      171,
      182,
      195,
      50,
      196,
      172,
      80,
      109,
      9,
      23,
      35,
      150,
      105,
      2,
      131,
      32,
      175,
      95,
      140,
      66,
      70,
      191,
      126,
      103,
      189,
      174,
      78,
      16,
      138,
      120,
      124,
      167,
      181,
      28,
      161,
      127,
      149,
      162,
      102,
      153,
      94,
      119,
      46,
      48,
      21,
      113,
      142,
      77,
      96,
      14,
      8,
      158,
      90,
      129,
      188,
      73,
      176,
      173,
      128,
      104,
      141,
      67,
      136,
      68,
      193,
      52,
      163,
      100,
      133,
      13,
      7,
      170
    ],
    "distancia": 322.3352998923289,
    "tiempo": 1186.2260484695435
  }
}