{"genetico": {"ruta": [44, 144, 192, 2, 47, 150, 23, 103, 118, 101, 179, 173, 158, 111, 190, 66, 138, 32, 167, 46, 189, 89, 43, 196, 122, 197, 148, 149, 113, 119, 102, 54, 151, 26, 107, 92, 105, 159, 97, 88, 18, 135, 199, 125, 51, 64, 169, 166, 168, 33, 76, 106, 56, 73, 162, 96, 110, 74, 100, 161, 180, 188, 9, 65, 58, 129, 94, 126, 141, 193, 71, 80, 57, 186, 79, 86, 29, 25, 16, 152, 181, 3, 131, 30, 139, 1, 72, 53, 15, 13, 137, 172, 50, 184, 117, 40, 127, 31, 183, 83, 68, 60, 52, 165, 116, 49, 27, 108, 194, 14, 55, 17, 124, 36, 182, 48, 153, 90, 157, 8, 121, 4, 10, 91, 93, 176, 160, 7, 147, 67, 84, 37, 175, 174, 120, 134, 34, 61, 123, 69, 170, 70, 38, 154, 82, 95, 140, 171, 77, 156, 177, 63, 12, 146, 11, 5, 185, 19, 28, 81, 198, 145, 112, 75, 0, 136, 187, 42, 109, 59, 155, 39, 20, 128, 6, 178, 41, 163, 87, 62, 132, 24, 104, 21, 195, 99, 78, 142, 115, 45, 35, 143, 130, 133, 164, 85, 191, 114, 22, 98], "distancia": 1676.320456921317, "tiempo": 13.15527892112732}, "aco": {"ruta": [21, 158, 8, 14, 96, 77, 170, 185, 54, 111, 31, 121, 19, 110, 24, 157, 6, 41, 3, 156, 154, 0, 190, 160, 45, 183, 25, 179, 58, 62, 101, 65, 197, 145, 148, 159, 151, 87, 75, 132, 43, 29, 76, 42, 26, 192, 81, 91, 198, 39, 47, 93, 60, 152, 169, 186, 99, 18, 4, 84, 63, 11, 12, 37, 199, 139, 112, 17, 53, 130, 97, 34, 123, 56, 122, 57, 98, 85, 146, 155, 144, 44, 49, 118, 86, 108, 187, 194, 40, 178, 143, 51, 5, 180, 177, 165, 135, 64, 83, 33, 55, 79, 184, 116, 106, 168, 27, 117, 72, 1, 15, 182, 195, 50, 196, 172, 80, 109, 9, 23, 35, 150, 105, 2, 131, 32, 175, 95, 140, 66, 70, 191, 126, 103, 189, 174, 78, 120, 138, 16, 124, 167, 181, 28, 161, 127, 149, 113, 102, 153, 94, 162, 46, 48, 142, 119, 129, 188, 73, 176, 173, 163, 52, 193, 68, 136, 128, 104, 141, 67, 134, 82, 107, 115, 36, 10, 89, 74, 166, 164, 137, 38, 147, 20, 125, 171, 59, 30, 92, 114, 69, 22, 88, 61, 71, 133, 90, 100, 13, 7, 21], "distancia": 319.7486553834407, "tiempo": 527.3473572731018}}