{"genetico": {"ruta": [73, 85, 79, 56, 35, 53, 45, 25, 65, 71, 84, 58, 30, 15, 77, 3, 36, 82, 99, 44, 0, 55, 2, 67, 93, 23, 69, 42, 43, 14, 19, 91, 98, 28, 34, 16, 63, 70, 57, 50, 5, 75, 74, 27, 80, 6, 76, 62, 48, 7, 4, 87, 39, 31, 52, 83, 22, 10, 90, 96, 92, 41, 29, 51, 11, 21, 88, 72, 8, 18, 89, 33, 49, 40, 37, 86, 38, 54, 26, 12, 47, 32, 20, 1, 60, 78, 59, 64, 81, 17, 66, 94, 46, 97, 68, 13, 24, 9, 95, 61], "distancia": 761.4897455051004, "tiempo": 4.147204399108887}, "aco": {"ruta": [59, 21, 88, 97, 64, 51, 20, 29, 41, 47, 1, 43, 16, 14, 9, 26, 91, 6, 53, 19, 66, 45, 52, 31, 37, 3, 17, 68, 58, 48, 0, 82, 71, 69, 94, 46, 32, 23, 65, 42, 11, 7, 30, 4, 15, 74, 36, 13, 73, 87, 22, 67, 75, 49, 83, 70, 5, 81, 93, 72, 24, 77, 54, 10, 61, 39, 40, 86, 50, 85, 57, 25, 27, 79, 76, 95, 33, 98, 28, 84, 63, 56, 89, 12, 99, 34, 8, 44, 38, 96, 2, 62, 60, 92, 90, 18, 55, 35, 80, 78, 59], "distancia": 215.34514450810252, "tiempo": 144.76374459266663}}