{
  "genetico": {
    "ruta": [
      68,
      87,
      74,
      58,
      94,
      29,
      51,
      21,
      41,
      81,
      75,
      85,
      39,
      83,
      5,
      70,
      0,
      17,
      67,
      37,
      40,
      10,
      57,
      49,
      77,
      33,
      84,
      56,
      27,
      34,
      1,
      23,
      48,
      16,
      69,
      32,
      78,
      82,
      24,
      36,
      22,
      80,
      72,
      54,
      15,
      13,
      7,
      86,
      71,
      4,
      9,
      55,
      18,
      26,
      30,
      31,
      25,
      93,
      14,
      60,
      12,
      45,
      6,
      79,
      19,
      38,
      92,
      2,
      62,
      96,
      91,
      28,
      44,
      8,
      59,
      43,
      76,
      73,
      65,
      11,
      35,
      52,
      66,
      99,
      61,
      63,
      3,
      95,
      90,
      20,
      64,
      47,
      46,
      50,
      42,
      88,
      97,
      53,
      89,
      98
    ],
    "distancia": 732.5207953874553,
    "tiempo": 14.030853509902954
  },
  "aco": {
    "ruta": [
      16,
      43,
      42,
      11,
      7,
      58,
      48,
      0,
      82,
      71,
      69,
      30,
      4,
      74,
      15,
      36,
      13,
      57,
      10,
      54,
      61,
      39,
      40,
      86,
      50,
      85,
      22,
      87,
      73,
      67,
      75,
      49,
      83,
      70,
      5,
      81,
      93,
      72,
      24,
      77,
      25,
      27,
      79,
      76,
      95,
      33,
      89,
      12,
      98,
      28,
      84,
      63,
      56,
      99,
      34,
      8,
      44,
      38,
      96,
      2,
      90,
      60,
      92,
      55,
      35,
      80,
      9,
      14,
      32,
      23,
      65,
      46,
      94,
      68,
      3,
      17,
      37,
      31,
      52,
      45,
      66,
      19,
      53,
      6,
      26,
      91,
      18,
      62,
      78,
      29,
      20,
      51,
      41,
      59,
      21,
      88,
      97,
      64,
      47,
      1,
      16
    ],
    "distancia": 216.6344499763648,
    "tiempo": 412.375714302063
  }
}