{"genetico": {"ruta": [31, 30, 35, 26, 38, 11, 17, 3, 13, 33, 21, 36, 19, 34, 1, 29, 24, 18, 27, 28, 0, 16, 2, 32, 15, 22, 4, 7, 25, 5, 8, 37, 39, 12, 20, 6, 9, 10, 14, 23], "distancia": 157.40354391314034, "tiempo": 1.1995937824249268}, "aco": {"ruta": [10, 9, 6, 20, 8, 5, 29, 1, 34, 19, 30, 35, 26, 3, 17, 11, 38, 13, 33, 36, 21, 24, 31, 18, 27, 28, 22, 15, 32, 2, 16, 0, 4, 7, 25, 37, 39, 12, 23, 14, 10], "distancia": 146.11633685059607, "tiempo": 30.898948431015015}}