{
  "genetico": {
    "ruta": [
      21,
      33,
      30,
      35,
      26,
      3,
      13,
      17,
      11,
      38,
      27,
      28,
      24,
      18,
      31,
      19,
      34,
      36,
      1,
      29,
      8,
      5,
      37,
      25,
      0,
      16,
      2,
      32,
      15,
      22,
      4,
      7,
      39,
      12,
      20,
      6,
      23,
      14,
      10,
      9
    ],
    "distancia": 173.96420120455153,
    "tiempo": 3.405384063720703
  },
  "aco": {
    "ruta": [
      9,
      6,
      20,
      12,
      39,
      37,
      25,
      7,
      5,
      8,
      29,
      1,
      34,
      36,
      21,
      33,
      13,
      17,
      11,
      38,
      3,
      26,
      35,
      30,
      19,
      31,
      24,
      18,
      27,
      28,
      22,
      15,
      32,
      2,
      16,
      0,
      4,
      23,
      14,
      10,
      9
    ],
    "distancia": 144.1197696884712,
    "tiempo": 94.4167730808258
  }
}