{
  "genetico": {
    "ruta": [
      137,
      61,
      182,
      92,
      89,
      69,
      33,
      115,
      179,
      95,
      101,
      53,
      148,
      116,
      36,
      56,
      181,
      9,
      47,
      110,
      12,
      103,
      107,
      49,
      74,
      196,
      135,
      0,
      177,
      79,
      106,
      25,
      5,
      57,
      88,
      37,
      93,
      186,
      124,
      102,
      64,
      132,
      119,
      40,
      173,
      122,
      164,
      184,
      134,
      99,
      130,
      144,
      112,
      193,
      121,
      123,
      185,
      50,
      108,
      162,
      87,
      66,
      190,
      188,
      153,
      16,
      65,
      176,
      96,
      7,
      147,
      150,
      38,
      29,
      30,
      198,
      140,
      20,
      90,
      27,
      191,
      174,
      59,
      139,
      39,
      149,
      18,
      42,
      21,
      187,
      171,
      15,
      41,
      4,
      169,
      13,
      85,
      154,
      100,
      77,
      2,
      183,
      46,
      19,
      24,
      143,
      22,
      6,
      52,
      83,
      160,
      45,
      67,
      120,
      17,
      195,
      3,
      170,
      98,
      55,
      68,
      62,
      51,
      118,
      78,
      70,
      111,
      141,
      117,
      157,
      60,
      126,
      133,
      194,
      94,
      86,
      175,
      43,
      73,
      178,
      163,
      71,
      158,
      128,
      113,
      80,
      142,
      28,
      35,
      97,
      138,
      180,
      23,
      63,
      81,
      167,
      151,
      11,
      156,
      136,
      166,
      48,
      172,
      1,
      10,
      26,
      84,
      197,
      146,
      76,
      165,
      72,
      104,
      34,
      192,
      127,
      75,
      161,
      152,
      155,
      44,
      91,
      189,
      32,
      199,
      58,
      131,
      109,
      168,
      105,
      14,
      125,
      8,
      159,
      82,
      54,
      114,
      31,
      129,
      145
    ],
    "distancia": 1684.1454834324047,
    "tiempo": 40.55148935317993
  },
  "aco": {
    "ruta": [
      40,
      175,
      161,
      152,
      19,
      12,
      45,
      187,
      156,
      153,
      138,
      8,
      64,
      180,
      16,
      120,
      130,
      26,
      9,
      170,
      194,
      14,
      2,
      144,
      79,
      21,
      104,
      146,
      76,
      147,
      168,
      31,
      128,
      136,
      70,
      46,
      65,
      151,
      148,
      96,
      101,
      173,
      176,
      73,
      59,
      47,
      63,
      155,
      183,
      103,
      124,
      188,
      82,
      142,
      43,
      80,
      181,
      199,
      122,
      23,
      114,
      54,
      90,
      137,
      28,
      113,
      58,
      56,
      81,
      95,
      149,
      158,
      72,
      184,
      3,
      71,
      25,
      91,
      165,
      166,
      192,
      39,
      129,
      174,
      88,
      150,
      178,
      185,
      44,
      34,
      163,
      121,
      133,
      5,
      195,
      38,
      126,
      17,
      93,
      49,
      62,
      69,
      111,
      37,
      135,
      57,
      51,
      22,
      118,
      55,
      7,
      106,
      112,
      41,
      68,
      143,
      83,
      33,
      139,
      145,
      10,
      61,
      141,
      29,
      125,
      97,
      127,
      35,
      84,
      109,
      198,
      53,
      1,
      94,
      132,
      154,
      78,
      13,
      4,
      99,
      60,
      162,
      100,
      182,
      50,
      27,
      92,
      86,
      110,
      11,
      85,
      157,
      196,
      67,
      191,
      134,
      24,
      115,
      177,
      77,
      74,
      89,
      48,
      172,
      108,
      30,
      119,
      42,
      190,
      171,
      197,
      140,
      117,
      167,
      15,
      189,
      102,
      131,
      18,
      6,
      0,
      169,
      179,
      98,
      193,
      36,
      105,
      107,
      116,
      52,
      123,
      20,
      164,
      66,
      186,
      87,
      160,
      159,
      32,
      75,
      40
    ],
    "distancia": 321.2496584066434,
    "tiempo": 1000.905321598053
  }
}