{"genetico": {"ruta": [37, 53, 118, 136, 95, 26, 72, 31, 48, 8, 24, 114, 81, 122, 56, 101, 126, 184, 120, 121, 158, 3, 51, 142, 171, 179, 149, 45, 68, 188, 80, 164, 82, 97, 19, 186, 115, 119, 59, 28, 155, 196, 109, 15, 71, 190, 5, 43, 148, 54, 113, 124, 177, 159, 87, 38, 35, 98, 197, 49, 189, 16, 128, 39, 192, 106, 157, 146, 46, 29, 161, 89, 172, 110, 187, 132, 150, 165, 129, 178, 162, 41, 64, 18, 191, 70, 36, 50, 76, 147, 21, 139, 166, 84, 61, 138, 108, 47, 92, 7, 112, 25, 83, 107, 176, 91, 154, 99, 79, 74, 140, 58, 90, 160, 73, 65, 94, 96, 20, 111, 175, 0, 167, 33, 67, 4, 145, 62, 144, 42, 1, 14, 86, 134, 77, 30, 199, 137, 34, 75, 130, 116, 193, 27, 170, 141, 93, 17, 174, 44, 135, 52, 123, 133, 88, 69, 173, 102, 194, 168, 57, 104, 105, 152, 11, 9, 6, 2, 151, 103, 23, 181, 66, 169, 153, 127, 55, 13, 85, 183, 12, 63, 32, 125, 180, 40, 117, 182, 163, 195, 156, 131, 185, 22, 100, 78, 198, 60, 10, 143], "distancia": 1707.626868350044, "tiempo": 12.916072368621826}, "aco": {"ruta": [14, 2, 144, 79, 21, 10, 61, 141, 29, 125, 97, 127, 35, 18, 6, 16, 120, 180, 0, 15, 171, 197, 140, 117, 167, 115, 177, 77, 74, 89, 48, 172, 108, 30, 119, 42, 24, 156, 153, 138, 169, 12, 45, 187, 19, 152, 32, 75, 159, 160, 186, 87, 193, 98, 105, 107, 70, 65, 46, 151, 148, 96, 101, 173, 176, 73, 59, 47, 63, 155, 183, 103, 124, 188, 95, 149, 158, 72, 184, 3, 71, 25, 91, 165, 166, 192, 39, 129, 150, 88, 174, 178, 185, 44, 121, 163, 34, 133, 5, 195, 38, 126, 17, 93, 62, 69, 111, 37, 135, 57, 51, 22, 118, 55, 7, 106, 112, 41, 68, 143, 83, 49, 139, 33, 145, 104, 146, 76, 147, 168, 31, 128, 123, 116, 52, 136, 20, 164, 81, 43, 142, 82, 80, 181, 199, 122, 23, 114, 54, 90, 137, 28, 113, 58, 56, 66, 36, 179, 161, 175, 40, 130, 26, 9, 170, 194, 84, 109, 198, 53, 1, 94, 132, 154, 78, 13, 4, 99, 60, 162, 100, 182, 110, 11, 50, 27, 92, 86, 85, 157, 196, 67, 191, 134, 189, 102, 131, 64, 8, 190, 14], "distancia": 316.4793524704519, "tiempo": 510.3566014766693}}