{
  "genetico": {
    "ruta": [
      38,
      7,
      26,
      32,
      39,
      34,
      20,
      3,
      31,
      29,
      13,
      5,
      36,
      17,
      25,
      24,
      12,
      11,
      33,
      35,
      21,
      15,
      18,
      4,
      28,
      37,
      23,
      8,
      6,
      30,
      0,
      10,
      19,
      22,
      9,
      16,
      14,
      2,
      27,
      1
    ],
    "distancia": 155.5731535631611,
    "tiempo": 2.3368232250213623
  },
  "aco": {
    "ruta": [
      25,
      8,
      23,
      10,
      19,
      9,
      37,
      16,
      14,
      22,
      2,
      27,
      0,
      1,
      7,
      38,
      26,
      32,
      39,
      34,
      20,
      30,
      6,
      17,
      3,
      36,
      31,
      5,
      29,
      13,
      11,
      33,
      35,
      21,
      15,
      4,
      24,
      12,
      28,
      18,
      25
    ],
    "distancia": 139.291603741848,
    "tiempo": 66.56945538520813
  }
}