{"genetico": {"ruta": [21, 15, 28, 18, 4, 35, 33, 11, 12, 24, 25, 13, 5, 29, 31, 36, 3, 17, 6, 0, 1, 30, 39, 34, 20, 8, 23, 10, 27, 2, 22, 19, 9, 37, 16, 14, 38, 7, 26, 32], "distancia": 179.051149863562, "tiempo": 1.1871182918548584}, "aco": {"ruta": [25, 8, 23, 10, 19, 9, 37, 16, 14, 22, 2, 27, 0, 1, 7, 38, 26, 32, 39, 34, 20, 30, 6, 17, 3, 36, 31, 5, 29, 13, 11, 33, 35, 21, 15, 18, 24, 12, 28, 4, 25], "distancia": 139.291603741848, "tiempo": 31.501722812652588}}