{
  "genetico": {
    "ruta": [
      84,
      42,
      110,
      92,
      37,
      27,
      9,
      26,
      59,
      67,
      13,
      91,
      38,
      73,
      81,
      16,
      72,
      100,
      122,
      141,
      78,
      5,
      3,
      98,
      25,
      23,
      107,
      76,
      54,
      103,
      74,
      124,
      12,
      7,
      93,
      145,
      14,
      8,
      119,
      77,
      128,
      17,
      40,
      138,
      19,
      106,
      1,
      125,
      43,
      64,
      32,
      41,
      147,
      135,
      45,
      137,
      114,
      71,
      113,
      68,
      146,
      108,
      62,
      15,
      126,
      75,
      60,
      29,
      52,
      101,
      20,
      80,
      95,
      35,
      120,
      28,
      31,
      79,
      105,
      70,
      10,
      88,
      44,
      86,
      69,
      63,
      47,
      36,
      33,
      117,
      99,
      129,
      6,
      24,
      49,
      143,
      30,
      96,
      85,
      123,
      89,
      130,
      0,
      132,
      148,
      90,
      51,
      21,
      134,
      111,
      61,
      46,
      104,
      112,
      57,
      18,
      144,
      115,
      102,
      118,
      139,
      65,
      109,
      82,
      140,
      48,
      121,
      39,
      136,
      22,
      58,
      149,
      2,
      87,
      142,
      11,
      4,
      83,
      34,
      50,
      94,
      97,
      127,
      56,
      116,
      133,
      55,
      53,
      66,
      131
    ],
    "distancia": 1215.7368803988556,
    "tiempo": 17.681806087493896
  },
  "aco": {
    "ruta": [
      65,
      137,
      9,
      12,
      6,
      60,
      115,
      118,
      90,
      148,
      55,
      47,
      13,
      114,
      113,
      28,
      49,
      74,
      71,
      128,
      21,
      22,
      123,
      54,
      27,
      1,
      0,
      142,
      72,
      38,
      56,
      129,
      89,
      117,
      75,
      144,
      122,
      139,
      37,
      116,
      134,
      125,
      136,
      63,
      35,
      29,
      57,
      31,
      92,
      120,
      39,
      34,
      67,
      95,
      20,
      80,
      105,
      145,
      70,
      33,
      79,
      36,
      2,
      103,
      58,
      149,
      46,
      87,
      61,
      50,
      97,
      94,
      104,
      8,
      5,
      93,
      112,
      109,
      66,
      133,
      132,
      82,
      78,
      141,
      88,
      127,
      14,
      131,
      10,
      44,
      17,
      51,
      7,
      40,
      84,
      32,
      73,
      126,
      15,
      53,
      119,
      108,
      64,
      77,
      62,
      91,
      26,
      98,
      111,
      147,
      86,
      4,
      81,
      18,
      85,
      19,
      121,
      83,
      11,
      42,
      106,
      59,
      41,
      99,
      24,
      43,
      76,
      100,
      138,
      130,
      140,
      124,
      30,
      146,
      135,
      25,
      101,
      16,
      110,
      69,
      48,
      96,
      52,
      45,
      107,
      68,
      23,
      143,
      3,
      102,
      65
    ],
    "distancia": 245.46657983715178,
    "tiempo": 728.4461188316345
  }
}