{"genetico": {"ruta": [123, 63, 61, 33, 79, 80, 95, 16, 72, 47, 126, 17, 114, 92, 128, 55, 68, 38, 34, 78, 1, 32, 3, 124, 135, 130, 25, 23, 90, 132, 50, 113, 81, 24, 136, 107, 83, 91, 108, 77, 15, 40, 119, 67, 145, 143, 99, 144, 71, 106, 20, 73, 5, 142, 69, 98, 140, 48, 88, 53, 14, 57, 2, 12, 125, 65, 45, 111, 97, 94, 7, 9, 56, 37, 89, 42, 96, 75, 103, 46, 146, 21, 39, 137, 122, 11, 129, 13, 51, 36, 58, 149, 105, 87, 70, 49, 29, 28, 43, 30, 104, 93, 8, 141, 120, 134, 60, 148, 44, 115, 117, 139, 110, 76, 147, 59, 64, 131, 100, 66, 112, 26, 62, 118, 116, 27, 19, 121, 6, 127, 0, 54, 35, 41, 138, 101, 109, 133, 82, 85, 4, 84, 31, 10, 102, 52, 18, 74, 86, 22], "distancia": 1211.7431210116238, "tiempo": 7.932846784591675}, "aco": {"ruta": [81, 18, 85, 19, 121, 83, 76, 138, 130, 140, 124, 30, 146, 135, 25, 110, 69, 96, 52, 45, 68, 107, 137, 65, 38, 56, 129, 89, 117, 54, 27, 1, 0, 142, 72, 21, 22, 123, 57, 29, 35, 63, 31, 92, 120, 128, 71, 74, 49, 28, 39, 114, 113, 34, 67, 95, 20, 80, 105, 50, 61, 87, 46, 149, 2, 36, 145, 70, 33, 79, 103, 58, 97, 94, 104, 8, 5, 93, 112, 109, 66, 51, 17, 44, 10, 131, 133, 132, 82, 78, 141, 88, 127, 14, 55, 47, 13, 118, 148, 90, 60, 115, 6, 12, 9, 102, 23, 143, 3, 7, 40, 84, 32, 73, 126, 15, 53, 119, 108, 64, 77, 62, 91, 26, 98, 111, 48, 16, 101, 86, 147, 4, 100, 59, 43, 24, 41, 99, 11, 42, 37, 116, 134, 125, 136, 75, 144, 122, 139, 106, 81], "distancia": 247.10979813234195, "tiempo": 308.2479932308197}}