{"genetico": {"ruta": [3, 148, 13, 44, 151, 136, 110, 167, 72, 166, 96, 20, 130, 129, 58, 78, 12, 69, 134, 183, 178, 67, 117, 128, 114, 17, 53, 121, 135, 66, 25, 8, 172, 109, 182, 85, 34, 35, 139, 26, 75, 47, 36, 48, 91, 170, 120, 70, 39, 184, 119, 93, 98, 157, 38, 24, 165, 191, 21, 179, 92, 192, 32, 45, 2, 65, 57, 80, 197, 177, 89, 68, 50, 5, 15, 51, 115, 146, 56, 71, 196, 131, 195, 102, 76, 101, 33, 194, 126, 154, 143, 46, 22, 152, 198, 9, 52, 63, 122, 173, 164, 199, 86, 60, 153, 64, 83, 161, 84, 14, 18, 42, 149, 127, 106, 107, 29, 79, 140, 123, 88, 124, 112, 23, 10, 30, 49, 137, 82, 73, 188, 138, 174, 1, 28, 159, 155, 168, 11, 59, 37, 74, 144, 31, 54, 108, 95, 133, 104, 7, 181, 100, 55, 185, 163, 61, 87, 111, 81, 180, 94, 186, 0, 90, 162, 176, 141, 40, 142, 156, 77, 175, 6, 62, 97, 160, 19, 41, 125, 103, 43, 105, 189, 147, 99, 193, 16, 145, 190, 4, 187, 27, 132, 158, 150, 169, 116, 113, 118, 171], "distancia": 1696.452776563508, "tiempo": 13.019757747650146}, "aco": {"ruta": [103, 166, 44, 85, 18, 122, 169, 129, 13, 89, 194, 11, 197, 144, 47, 36, 130, 35, 20, 150, 84, 74, 31, 164, 68, 61, 154, 128, 168, 86, 179, 183, 160, 198, 9, 96, 83, 80, 2, 184, 29, 24, 88, 3, 87, 77, 156, 38, 78, 123, 32, 118, 125, 73, 16, 153, 111, 124, 181, 162, 70, 64, 114, 30, 100, 119, 42, 14, 93, 50, 10, 182, 23, 159, 186, 105, 199, 37, 34, 121, 6, 177, 55, 116, 110, 69, 53, 173, 28, 33, 185, 58, 17, 99, 151, 143, 98, 149, 141, 170, 52, 147, 76, 171, 15, 180, 19, 188, 51, 101, 172, 45, 195, 140, 131, 91, 39, 113, 72, 71, 165, 146, 82, 90, 137, 155, 134, 192, 27, 49, 145, 158, 7, 193, 176, 97, 135, 132, 40, 0, 81, 25, 26, 175, 139, 63, 1, 196, 161, 109, 174, 56, 8, 115, 157, 4, 136, 138, 167, 41, 66, 94, 189, 102, 79, 5, 112, 12, 67, 46, 57, 62, 65, 107, 95, 21, 60, 22, 142, 108, 152, 117, 120, 92, 178, 106, 104, 75, 191, 187, 163, 190, 133, 126, 59, 43, 54, 127, 148, 48, 103], "distancia": 325.68713940214144, "tiempo": 517.5434443950653}}