{
  "genetico": {
    "ruta": [
      165,
      32,
      83,
      2,
      65,
      46,
      67,
      141,
      54,
      132,
      163,
      155,
      134,
      94,
      199,
      84,
      172,
      161,
      113,
      47,
      74,
      70,
      166,
      169,
      78,
      38,
      88,
      90,
      81,
      86,
      110,
      23,
      57,
      56,
      195,
      79,
      120,
      133,
      62,
      106,
      103,
      151,
      136,
      144,
      116,
      158,
      148,
      33,
      9,
      162,
      194,
      89,
      91,
      131,
      27,
      182,
      48,
      44,
      41,
      77,
      146,
      126,
      152,
      171,
      104,
      140,
      188,
      149,
      129,
      139,
      119,
      50,
      61,
      100,
      153,
      190,
      73,
      111,
      160,
      122,
      191,
      128,
      185,
      123,
      37,
      19,
      183,
      14,
      85,
      186,
      80,
      181,
      16,
      76,
      63,
      114,
      82,
      5,
      12,
      59,
      127,
      18,
      145,
      92,
      178,
      39,
      150,
      96,
      102,
      40,
      34,
      10,
      29,
      174,
      121,
      157,
      15,
      112,
      170,
      101,
      52,
      167,
      17,
      68,
      93,
      43,
      159,
      184,
      95,
      117,
      187,
      22,
      108,
      175,
      42,
      71,
      196,
      69,
      176,
      115,
      142,
      168,
      36,
      21,
      60,
      154,
      198,
      75,
      107,
      8,
      66,
      31,
      109,
      1,
      6,
      13,
      130,
      20,
      193,
      0,
      156,
      192,
      55,
      118,
      45,
      125,
      72,
      87,
      51,
      99,
      97,
      124,
      11,
      197,
      30,
      177,
      28,
      58,
      53,
      180,
      135,
      189,
      173,
      179,
      25,
      143,
      98,
      7,
      138,
      147,
      105,
      35,
      64,
      3,
      49,
      164,
      4,
      26,
      137,
      24
    ],
    "distancia": 1687.7090514667966,
    "tiempo": 26.968549728393555
  },
  "aco": {
    "ruta": [
      152,
      117,
      95,
      21,
      60,
      187,
      191,
      75,
      178,
      106,
      104,
      92,
      120,
      22,
      142,
      108,
      133,
      126,
      163,
      190,
      119,
      42,
      14,
      93,
      50,
      10,
      169,
      129,
      13,
      103,
      166,
      44,
      85,
      127,
      148,
      48,
      18,
      122,
      59,
      43,
      54,
      89,
      194,
      11,
      197,
      144,
      47,
      36,
      130,
      35,
      20,
      150,
      84,
      74,
      31,
      164,
      68,
      61,
      154,
      128,
      168,
      86,
      179,
      183,
      160,
      198,
      9,
      96,
      83,
      80,
      2,
      184,
      29,
      3,
      88,
      24,
      87,
      77,
      156,
      146,
      82,
      90,
      137,
      155,
      134,
      192,
      124,
      181,
      162,
      70,
      64,
      114,
      30,
      100,
      49,
      27,
      158,
      145,
      7,
      193,
      176,
      132,
      40,
      0,
      81,
      159,
      23,
      182,
      105,
      199,
      37,
      34,
      121,
      6,
      177,
      55,
      116,
      110,
      69,
      53,
      173,
      28,
      33,
      185,
      186,
      97,
      135,
      17,
      99,
      109,
      56,
      8,
      115,
      157,
      4,
      58,
      136,
      138,
      167,
      41,
      66,
      188,
      51,
      101,
      172,
      45,
      170,
      189,
      113,
      72,
      39,
      91,
      131,
      140,
      196,
      139,
      175,
      165,
      112,
      71,
      94,
      52,
      171,
      76,
      161,
      15,
      180,
      19,
      195,
      141,
      149,
      143,
      98,
      151,
      1,
      63,
      26,
      25,
      102,
      174,
      147,
      79,
      5,
      38,
      78,
      123,
      32,
      118,
      125,
      73,
      16,
      153,
      111,
      12,
      67,
      46,
      57,
      62,
      65,
      107,
      152
    ],
    "distancia": 325.92470157365386,
    "tiempo": 1400.0048079490662
  }
}