{
  "genetico": {
    "ruta": [
      60,
      72,
      16,
      11,
      130,
      20,
      30,
      91,
      144,
      121,
      123,
      103,
      47,
      29,
      48,
      66,
      83,
      54,
      90,
      122,
      15,
      120,
      125,
      94,
      88,
      131,
      51,
      49,
      115,
      65,
      13,
      35,
      89,
      132,
      129,
      1,
      70,
      106,
      27,
      26,
      127,
      36,
      104,
      114,
      53,
      85,
      62,
      135,
      28,
      19,
      138,
      43,
      55,
      34,
      9,
      143,
      78,
      39,
      98,
      8,
      128,
      97,
      7,
      42,
      84,
      18,
      45,
      140,
      40,
      110,
      149,
      96,
      136,
      99,
      145,
      124,
      146,
      46,
      75,
      79,
      17,
      57,
      148,
      95,
      41,
      119,
      147,
      56,
      137,
      105,
      21,
      2,
      22,
      81,
      133,
      4,
      67,
      59,
      87,
      139,
      142,
      111,
      50,
      101,
      92,
      80,
      107,
      69,
      31,
      126,
      5,
      134,
      102,
      77,
      38,
      86,
      0,
      100,
      61,
      116,
      58,
      12,
      73,
      82,
      76,
      23,
      44,
      52,
      71,
      14,
      108,
      10,
      63,
      118,
      93,
      25,
      24,
      64,
      112,
      37,
      3,
      6,
      113,
      109,
      141,
      68,
      117,
      32,
      33,
      74
    ],
    "distancia": 1184.7506495977264,
    "tiempo": 16.9246187210083
  },
  "aco": {
    "ruta": [
      55,
      56,
      96,
      12,
      81,
      143,
      133,
      137,
      91,
      58,
      50,
      136,
      49,
      144,
      116,
      139,
      6,
      99,
      36,
      105,
      3,
      86,
      76,
      145,
      57,
      19,
      82,
      7,
      134,
      148,
      63,
      87,
      42,
      54,
      60,
      140,
      73,
      126,
      44,
      97,
      0,
      39,
      95,
      8,
      69,
      107,
      98,
      84,
      77,
      52,
      18,
      92,
      5,
      78,
      80,
      71,
      74,
      33,
      70,
      14,
      26,
      108,
      66,
      31,
      67,
      117,
      29,
      15,
      130,
      34,
      4,
      51,
      119,
      122,
      24,
      101,
      13,
      17,
      65,
      11,
      43,
      40,
      113,
      128,
      32,
      109,
      115,
      79,
      35,
      127,
      114,
      1,
      102,
      68,
      9,
      147,
      48,
      59,
      132,
      16,
      112,
      64,
      41,
      106,
      72,
      23,
      104,
      30,
      90,
      62,
      37,
      27,
      129,
      20,
      89,
      120,
      75,
      38,
      2,
      111,
      88,
      25,
      125,
      123,
      93,
      142,
      21,
      94,
      110,
      46,
      124,
      61,
      47,
      131,
      138,
      53,
      10,
      118,
      103,
      85,
      100,
      135,
      45,
      28,
      121,
      146,
      141,
      149,
      83,
      22,
      55
    ],
    "distancia": 247.02147600539703,
    "tiempo": 717.9284610748291
  }
}