{"genetico": {"ruta": [74, 33, 102, 1, 38, 0, 53, 97, 145, 144, 129, 79, 103, 85, 141, 138, 6, 143, 83, 46, 68, 109, 4, 9, 35, 48, 41, 91, 142, 28, 66, 146, 71, 14, 70, 40, 19, 72, 106, 140, 3, 49, 94, 110, 128, 15, 117, 27, 133, 136, 86, 89, 11, 24, 76, 84, 8, 69, 5, 77, 92, 64, 62, 90, 32, 65, 126, 56, 124, 61, 137, 132, 122, 139, 116, 47, 148, 73, 57, 134, 125, 105, 17, 108, 135, 93, 121, 82, 51, 147, 96, 131, 104, 63, 25, 20, 123, 75, 120, 13, 7, 44, 50, 43, 52, 80, 149, 36, 99, 81, 87, 112, 114, 59, 31, 23, 30, 119, 34, 29, 113, 130, 115, 16, 37, 55, 54, 26, 39, 95, 127, 60, 111, 2, 21, 10, 118, 42, 12, 18, 67, 101, 22, 88, 45, 58, 100, 107, 98, 78], "distancia": 1175.281606835255, "tiempo": 8.055571556091309}, "aco": {"ruta": [21, 94, 110, 46, 124, 61, 47, 131, 138, 53, 10, 118, 103, 85, 100, 135, 28, 149, 83, 91, 58, 50, 136, 49, 139, 6, 99, 36, 105, 3, 86, 76, 145, 57, 19, 82, 7, 134, 148, 63, 87, 42, 54, 140, 60, 73, 126, 44, 55, 56, 96, 143, 133, 137, 81, 12, 0, 39, 95, 8, 69, 107, 98, 84, 77, 52, 18, 92, 5, 80, 78, 71, 74, 33, 97, 113, 128, 32, 109, 115, 79, 117, 29, 15, 130, 67, 31, 70, 14, 26, 108, 66, 34, 4, 35, 51, 119, 122, 24, 101, 13, 17, 65, 11, 43, 40, 23, 104, 22, 106, 72, 41, 64, 112, 16, 132, 59, 9, 147, 48, 127, 114, 1, 102, 68, 89, 129, 27, 37, 30, 90, 62, 20, 121, 116, 144, 45, 146, 141, 75, 38, 120, 2, 111, 88, 25, 125, 123, 93, 142, 21], "distancia": 248.81141650586144, "tiempo": 305.3759994506836}}