{"genetico": {"ruta": [18, 21, 25, 4, 35, 12, 7, 39, 34, 6, 9, 14, 30, 13, 36, 31, 17, 19, 1, 8, 33, 38, 10, 5, 37, 20, 27, 2, 15, 22, 24, 3, 16, 32, 23, 0, 26, 28, 11, 29], "distancia": 143.78911105352142, "tiempo": 1.2998573780059814}, "aco": {"ruta": [20, 27, 18, 21, 4, 25, 35, 37, 9, 12, 7, 39, 34, 6, 30, 13, 36, 31, 29, 11, 28, 26, 0, 23, 32, 16, 3, 24, 22, 15, 5, 2, 38, 33, 8, 1, 10, 19, 17, 14, 20], "distancia": 112.34583072083507, "tiempo": 33.769169330596924}}