{
  "genetico": {
    "ruta": [
      39,
      34,
      7,
      12,
      6,
      30,
      13,
      36,
      31,
      3,
      16,
      32,
      23,
      0,
      26,
      28,
      11,
      29,
      17,
      14,
      9,
      37,
      19,
      22,
      24,
      15,
      5,
      10,
      20,
      27,
      2,
      1,
      8,
      33,
      38,
      18,
      21,
      4,
      25,
      35
    ],
    "distancia": 130.69472016733647,
    "tiempo": 2.413607358932495
  },
  "aco": {
    "ruta": [
      11,
      28,
      26,
      0,
      23,
      32,
      16,
      3,
      24,
      22,
      15,
      10,
      2,
      38,
      33,
      8,
      1,
      5,
      19,
      17,
      14,
      37,
      20,
      27,
      18,
      21,
      4,
      25,
      35,
      9,
      12,
      7,
      39,
      34,
      6,
      30,
      13,
      36,
      31,
      29,
      11
    ],
    "distancia": 112.36296802816267,
    "tiempo": 65.27074909210205
  }
}