{"genetico": {"ruta": [39, 7, 12, 34, 9, 37, 11, 30, 36, 6, 13, 31, 28, 29, 3, 15, 17, 14, 20, 33, 38, 8, 1, 22, 24, 26, 23, 0, 32, 16, 19, 10, 2, 5, 27, 21, 18, 25, 4, 35], "distancia": 130.15876516617038, "tiempo": 2.4730544090270996}, "aco": {"ruta": [1, 8, 38, 33, 10, 2, 5, 20, 27, 21, 18, 25, 4, 35, 37, 9, 12, 7, 39, 34, 11, 30, 36, 6, 13, 31, 3, 29, 26, 28, 23, 0, 32, 16, 24, 17, 15, 14, 19, 22, 1], "distancia": 108.23828153221167, "tiempo": 61.8896005153656}}