{"genetico": {"ruta": [185, 11, 179, 3, 5, 2, 7, 19, 59, 34, 31, 105, 20, 71, 28, 49, 68, 17, 135, 114, 98, 101, 154, 44, 143, 88, 124, 144, 165, 54, 33, 190, 35, 180, 86, 112, 130, 174, 90, 155, 188, 58, 22, 37, 149, 41, 73, 133, 42, 138, 184, 127, 9, 195, 38, 110, 85, 13, 115, 69, 145, 121, 150, 191, 163, 192, 104, 93, 199, 94, 106, 113, 47, 72, 6, 65, 60, 134, 14, 100, 108, 24, 147, 78, 162, 97, 168, 193, 21, 128, 80, 151, 129, 123, 46, 171, 70, 82, 120, 36, 40, 157, 79, 153, 148, 96, 48, 103, 12, 111, 146, 122, 139, 18, 159, 77, 196, 87, 23, 136, 125, 76, 27, 84, 169, 63, 89, 183, 56, 43, 172, 26, 137, 39, 66, 178, 67, 164, 161, 198, 176, 74, 194, 10, 95, 91, 0, 1, 53, 50, 187, 156, 119, 4, 131, 51, 132, 140, 182, 117, 158, 118, 142, 186, 92, 15, 55, 141, 170, 167, 99, 62, 197, 166, 81, 189, 64, 45, 57, 32, 102, 8, 16, 75, 61, 107, 116, 160, 181, 126, 109, 173, 177, 152, 30, 52, 25, 83, 175, 29], "distancia": 1731.7924056775505, "tiempo": 12.94462275505066}, "aco": {"ruta": [129, 46, 108, 92, 28, 110, 42, 182, 93, 132, 41, 140, 159, 114, 63, 113, 146, 119, 58, 162, 156, 1, 172, 23, 22, 152, 101, 98, 53, 196, 164, 83, 161, 195, 72, 142, 78, 15, 180, 87, 128, 47, 86, 70, 199, 94, 99, 177, 57, 38, 186, 21, 45, 6, 197, 29, 175, 103, 67, 55, 77, 116, 123, 80, 193, 138, 124, 17, 3, 81, 171, 2, 76, 44, 50, 111, 167, 166, 62, 24, 165, 130, 60, 148, 144, 154, 10, 139, 49, 0, 112, 12, 97, 104, 117, 134, 95, 69, 107, 13, 91, 54, 133, 105, 121, 56, 73, 145, 135, 75, 14, 147, 43, 79, 153, 65, 115, 122, 37, 90, 27, 61, 174, 68, 7, 59, 179, 31, 125, 100, 189, 34, 84, 32, 158, 30, 8, 74, 185, 127, 82, 192, 102, 19, 39, 190, 109, 155, 118, 89, 36, 48, 170, 173, 157, 160, 25, 131, 137, 168, 11, 150, 26, 176, 141, 178, 191, 149, 4, 35, 184, 151, 169, 18, 51, 85, 96, 9, 187, 71, 163, 33, 136, 183, 181, 20, 188, 16, 194, 126, 198, 52, 120, 5, 40, 88, 66, 106, 143, 64, 129], "distancia": 292.0618801396169, "tiempo": 525.2250850200653}}