{
  "genetico": {
    "ruta": [
      4,
      173,
      120,
      89,
      101,
      7,
      20,
      128,
      47,
      90,
      106,
      85,
      18,
      136,
      195,
      76,
      118,
      58,
      159,
      123,
      186,
      119,
      176,
      187,
      17,
      150,
      149,
      169,
      72,
      23,
      131,
      59,
      66,
      157,
      84,
      151,
      64,
      63,
      178,
      111,
      171,
      57,
      140,
      61,
      139,
      152,
      41,
      34,
      74,
      115,
      196,
      65,
      49,
      43,
      92,
      1,
      109,
      168,
      198,
      129,
      103,
      93,
      124,
      162,
      113,
      96,
      95,
      27,
      56,
      121,
      62,
      10,
      192,
      88,
      161,
      126,
      117,
      94,
      70,
      38,
      164,
      19,
      190,
      191,
      166,
      107,
      77,
      146,
      98,
      55,
      180,
      86,
      125,
      2,
      99,
      142,
      35,
      170,
      21,
      53,
      114,
      116,
      163,
      155,
      9,
      42,
      177,
      15,
      39,
      73,
      188,
      147,
      145,
      156,
      48,
      36,
      181,
      30,
      14,
      97,
      112,
      37,
      105,
      194,
      33,
      182,
      81,
      79,
      44,
      26,
      80,
      45,
      67,
      132,
      82,
      11,
      141,
      78,
      184,
      160,
      22,
      167,
      193,
      40,
      25,
      179,
      110,
      122,
      6,
      83,
      108,
      51,
      5,
      71,
      172,
      104,
      165,
      133,
      153,
      68,
      91,
      135,
      189,
      32,
      197,
      130,
      144,
      60,
      154,
      69,
      12,
      100,
      28,
      50,
      199,
      87,
      143,
      183,
      127,
      102,
      31,
      137,
      134,
      3,
      174,
      0,
      75,
      138,
      13,
      8,
      52,
      24,
      29,
      175,
      148,
      16,
      185,
      54,
      158,
      46
    ],
    "distancia": 1728.878232403763,
    "tiempo": 28.298635482788086
  },
  "aco": {
    "ruta": [
      155,
      118,
      190,
      109,
      20,
      89,
      36,
      143,
      106,
      66,
      40,
      88,
      5,
      126,
      198,
      52,
      8,
      74,
      185,
      127,
      82,
      194,
      19,
      102,
      192,
      160,
      157,
      173,
      170,
      181,
      183,
      136,
      33,
      163,
      26,
      176,
      141,
      178,
      191,
      149,
      4,
      35,
      184,
      151,
      169,
      18,
      51,
      85,
      96,
      9,
      187,
      80,
      17,
      124,
      138,
      193,
      3,
      81,
      171,
      2,
      76,
      44,
      50,
      111,
      167,
      166,
      62,
      24,
      27,
      90,
      37,
      122,
      115,
      65,
      153,
      79,
      43,
      147,
      75,
      14,
      91,
      54,
      133,
      105,
      121,
      56,
      73,
      145,
      135,
      174,
      61,
      68,
      13,
      107,
      69,
      95,
      134,
      117,
      104,
      12,
      97,
      112,
      49,
      139,
      154,
      144,
      10,
      0,
      148,
      130,
      60,
      165,
      197,
      175,
      29,
      86,
      70,
      199,
      94,
      6,
      45,
      99,
      177,
      57,
      38,
      186,
      21,
      22,
      152,
      23,
      172,
      1,
      156,
      41,
      140,
      132,
      93,
      182,
      123,
      110,
      42,
      28,
      129,
      46,
      108,
      92,
      77,
      116,
      101,
      98,
      53,
      196,
      164,
      83,
      161,
      72,
      195,
      142,
      78,
      47,
      15,
      180,
      128,
      87,
      103,
      67,
      55,
      71,
      137,
      168,
      11,
      150,
      131,
      25,
      59,
      179,
      31,
      125,
      100,
      189,
      7,
      34,
      84,
      32,
      158,
      30,
      120,
      39,
      188,
      48,
      114,
      63,
      113,
      146,
      119,
      58,
      162,
      159,
      64,
      16,
      155
    ],
    "distancia": 290.26738996502235,
    "tiempo": 1359.296531677246
  }
}