{
  "genetico": {
    "ruta": [
      0,
      37,
      29,
      39,
      7,
      5,
      20,
      12,
      38,
      21,
      9,
      13,
      19,
      34,
      36,
      32,
      17,
      23,
      2,
      15,
      10,
      27,
      3,
      22,
      4,
      11,
      28,
      8,
      24,
      16,
      25,
      6,
      18,
      26,
      30,
      33,
      14,
      31,
      35,
      1
    ],
    "distancia": 134.58648637933308,
    "tiempo": 3.0593600273132324
  },
  "aco": {
    "ruta": [
      23,
      17,
      34,
      36,
      32,
      27,
      3,
      22,
      4,
      15,
      10,
      2,
      11,
      18,
      6,
      28,
      8,
      24,
      1,
      35,
      31,
      16,
      25,
      26,
      14,
      33,
      30,
      20,
      5,
      7,
      39,
      12,
      38,
      21,
      9,
      29,
      13,
      37,
      0,
      19,
      23
    ],
    "distancia": 106.78425675427566,
    "tiempo": 94.59936881065369
  }
}