{"genetico": {"ruta": [33, 14, 30, 20, 38, 21, 19, 0, 37, 13, 9, 29, 39, 12, 2, 15, 10, 23, 17, 34, 36, 32, 27, 3, 22, 4, 11, 28, 6, 18, 26, 25, 16, 31, 35, 1, 24, 8, 7, 5], "distancia": 130.6616559041385, "tiempo": 1.1881110668182373}, "aco": {"ruta": [36, 32, 27, 3, 22, 4, 15, 10, 17, 23, 34, 19, 13, 9, 29, 21, 38, 12, 39, 7, 5, 20, 30, 33, 14, 26, 25, 16, 31, 35, 1, 24, 8, 28, 6, 18, 11, 2, 37, 0, 36], "distancia": 108.18393193230082, "tiempo": 30.916327953338623}}