{
  "genetico": {
    "ruta": [
      2,
      34,
      39,
      23,
      29,
      37,
      20,
      0,
      38,
      22,
      1,
      35,
      15,
      32,
      17,
      9,
      11,
      6,
      8,
      26,
      31,
      36,
      5,
      7,
      4,
      30,
      3,
      24,
      13,
      16,
      12,
      33,
      27,
      28,
      21,
      10,
      19,
      25,
      14,
      18
    ],
    "distancia": 178.7798265391052,
    "tiempo": 2.4527390003204346
  },
  "aco": {
    "ruta": [
      4,
      20,
      0,
      30,
      3,
      24,
      13,
      16,
      12,
      33,
      27,
      28,
      8,
      21,
      10,
      19,
      25,
      14,
      11,
      6,
      31,
      26,
      5,
      36,
      32,
      17,
      9,
      18,
      15,
      1,
      35,
      22,
      38,
      7,
      2,
      34,
      39,
      23,
      29,
      37,
      4
    ],
    "distancia": 156.3874265894976,
    "tiempo": 67.30658674240112
  }
}