{"genetico": {"ruta": [2, 34, 39, 37, 29, 23, 13, 27, 28, 33, 12, 16, 24, 0, 20, 4, 30, 3, 7, 5, 36, 31, 26, 8, 21, 10, 19, 25, 14, 6, 11, 9, 18, 17, 32, 38, 22, 15, 35, 1], "distancia": 169.31764158766512, "tiempo": 1.181154489517212}, "aco": {"ruta": [37, 34, 39, 29, 23, 20, 0, 30, 3, 13, 24, 16, 12, 33, 27, 28, 8, 21, 10, 19, 25, 14, 11, 6, 31, 26, 5, 36, 32, 17, 9, 18, 15, 35, 1, 22, 38, 7, 4, 2, 37], "distancia": 154.0235685333993, "tiempo": 31.26720380783081}}