{
  "genetico": {
    "ruta": [
      37,
      14,
      7,
      39,
      34,
      9,
      10,
      5,
      4,
      8,
      2,
      6,
      35,
      0,
      12,
      1,
      3,
      20,
      26,
      23,
      31,
      25,
      11,
      33,
      27,
      19,
      13,
      30,
      36,
      17,
      32,
      18,
      16,
      15,
      38,
      29,
      22,
      21,
      24,
      28
    ],
    "distancia": 161.20975186055043,
    "tiempo": 2.320510149002075
  },
  "aco": {
    "ruta": [
      2,
      8,
      6,
      35,
      27,
      19,
      28,
      24,
      21,
      22,
      29,
      38,
      15,
      16,
      18,
      32,
      17,
      36,
      30,
      13,
      33,
      0,
      1,
      12,
      11,
      25,
      31,
      23,
      26,
      20,
      3,
      5,
      4,
      10,
      9,
      34,
      7,
      39,
      14,
      37,
      2
    ],
    "distancia": 143.81568554626583,
    "tiempo": 63.355180740356445
  }
}