{"genetico": {"ruta": [28, 24, 29, 38, 15, 16, 18, 32, 17, 36, 30, 13, 22, 21, 19, 27, 33, 0, 12, 1, 3, 11, 25, 31, 20, 23, 26, 9, 10, 4, 5, 35, 6, 8, 2, 39, 34, 7, 14, 37], "distancia": 162.5305629249929, "tiempo": 1.1820452213287354}, "aco": {"ruta": [7, 34, 39, 2, 8, 6, 35, 27, 19, 28, 24, 21, 22, 29, 38, 15, 16, 18, 32, 17, 36, 30, 13, 33, 0, 1, 12, 11, 25, 31, 20, 26, 23, 3, 5, 4, 10, 9, 14, 37, 7], "distancia": 142.9386747648302, "tiempo": 31.40878176689148}}