{"genetico": {"ruta": [45, 20, 57, 133, 101, 69, 43, 63, 100, 88, 132, 28, 35, 108, 25, 94, 104, 127, 128, 36, 83, 103, 123, 49, 124, 140, 19, 54, 148, 131, 75, 67, 34, 30, 21, 118, 16, 80, 29, 14, 126, 99, 22, 10, 96, 23, 87, 60, 142, 18, 48, 3, 113, 47, 135, 125, 52, 62, 71, 115, 144, 6, 61, 91, 58, 106, 111, 15, 98, 136, 55, 120, 7, 73, 93, 5, 9, 129, 147, 146, 90, 33, 44, 78, 26, 51, 72, 95, 17, 112, 119, 149, 24, 137, 92, 13, 85, 56, 84, 81, 130, 32, 97, 59, 27, 145, 110, 70, 102, 66, 11, 77, 139, 31, 82, 134, 122, 37, 41, 0, 114, 109, 38, 141, 107, 4, 138, 53, 12, 89, 1, 40, 74, 121, 2, 50, 42, 65, 105, 64, 86, 76, 79, 116, 68, 117, 143, 8, 39, 46], "distancia": 1172.8161505651824, "tiempo": 7.99941873550415}, "aco": {"ruta": [114, 36, 79, 64, 2, 61, 116, 84, 101, 88, 0, 24, 105, 71, 44, 140, 98, 119, 65, 135, 102, 49, 59, 42, 144, 4, 143, 10, 33, 96, 115, 117, 91, 47, 148, 90, 136, 110, 145, 27, 94, 7, 52, 9, 86, 60, 11, 15, 133, 22, 124, 35, 107, 5, 141, 66, 55, 128, 78, 108, 51, 123, 18, 3, 112, 125, 48, 82, 139, 31, 122, 134, 93, 142, 17, 73, 26, 113, 28, 131, 37, 54, 81, 19, 72, 34, 100, 111, 29, 104, 14, 21, 68, 58, 8, 30, 146, 63, 20, 57, 130, 75, 118, 95, 67, 6, 99, 120, 129, 87, 77, 25, 137, 41, 80, 39, 38, 70, 76, 147, 106, 32, 127, 40, 69, 126, 50, 103, 16, 45, 43, 23, 97, 46, 109, 132, 62, 13, 1, 92, 89, 138, 56, 149, 121, 53, 85, 12, 83, 74, 114], "distancia": 200.55954953626676, "tiempo": 309.67063784599304}}