{
  "genetico": {
    "ruta": [
      7,
      122,
      73,
      63,
      131,
      20,
      8,
      31,
      55,
      107,
      56,
      143,
      137,
      146,
      58,
      28,
      80,
      129,
      2,
      77,
      106,
      112,
      30,
      34,
      37,
      114,
      117,
      125,
      118,
      130,
      70,
      69,
      40,
      95,
      46,
      60,
      119,
      42,
      50,
      132,
      12,
      89,
      135,
      61,
      105,
      49,
      128,
      36,
      124,
      123,
      51,
      139,
      23,
      62,
      85,
      25,
      45,
      127,
      59,
      126,
      134,
      52,
      93,
      18,
      86,
      99,
      6,
      108,
      91,
      121,
      83,
      17,
      142,
      82,
      3,
      48,
      27,
      13,
      88,
      24,
      92,
      53,
      147,
      32,
      43,
      141,
      9,
      84,
      115,
      41,
      35,
      67,
      57,
      19,
      97,
      136,
      26,
      10,
      101,
      22,
      102,
      39,
      44,
      96,
      133,
      54,
      87,
      76,
      75,
      120,
      113,
      111,
      64,
      66,
      145,
      103,
      79,
      16,
      144,
      71,
      47,
      149,
      138,
      110,
      4,
      5,
      81,
      21,
      14,
      90,
      33,
      116,
      104,
      38,
      72,
      15,
      29,
      78,
      1,
      98,
      0,
      74,
      65,
      94,
      148,
      140,
      109,
      100,
      68,
      11
    ],
    "distancia": 1170.4665129011237,
    "tiempo": 16.044261932373047
  },
  "aco": {
    "ruta": [
      42,
      144,
      4,
      143,
      88,
      79,
      64,
      2,
      61,
      116,
      84,
      114,
      36,
      110,
      136,
      90,
      148,
      47,
      91,
      117,
      33,
      96,
      115,
      10,
      86,
      60,
      52,
      7,
      94,
      27,
      145,
      9,
      11,
      15,
      133,
      22,
      124,
      35,
      107,
      5,
      141,
      66,
      55,
      128,
      78,
      108,
      123,
      51,
      18,
      3,
      112,
      125,
      48,
      82,
      139,
      31,
      122,
      134,
      142,
      93,
      17,
      73,
      26,
      113,
      28,
      131,
      37,
      54,
      81,
      19,
      72,
      38,
      137,
      41,
      80,
      39,
      25,
      77,
      70,
      76,
      147,
      106,
      32,
      127,
      40,
      69,
      126,
      50,
      103,
      16,
      45,
      120,
      129,
      87,
      34,
      100,
      104,
      14,
      21,
      68,
      58,
      8,
      30,
      146,
      29,
      111,
      118,
      130,
      75,
      57,
      20,
      63,
      95,
      67,
      6,
      99,
      43,
      23,
      97,
      46,
      109,
      132,
      49,
      59,
      71,
      44,
      140,
      98,
      119,
      65,
      135,
      102,
      62,
      13,
      1,
      92,
      89,
      138,
      56,
      149,
      121,
      53,
      85,
      24,
      105,
      12,
      0,
      83,
      101,
      74,
      42
    ],
    "distancia": 204.85122943494028,
    "tiempo": 708.7506177425385
  }
}