{"genetico": {"ruta": [33, 32, 34, 21, 23, 11, 30, 6, 36, 24, 9, 14, 5, 28, 1, 4, 31, 22, 8, 18, 2, 17, 39, 15, 29, 35, 38, 12, 10, 25, 13, 16, 0, 27, 37, 3, 20, 7, 26, 19], "distancia": 169.98195589262957, "tiempo": 1.1897923946380615}, "aco": {"ruta": [26, 33, 39, 22, 31, 15, 29, 24, 17, 8, 18, 2, 32, 34, 21, 11, 23, 30, 6, 36, 9, 14, 5, 4, 28, 1, 35, 38, 0, 16, 12, 25, 10, 13, 19, 3, 37, 20, 7, 27, 26], "distancia": 153.7196536222109, "tiempo": 31.671080112457275}}