{
  "genetico": {
    "ruta": [
      13,
      12,
      25,
      10,
      33,
      39,
      8,
      17,
      18,
      2,
      32,
      34,
      23,
      21,
      11,
      30,
      6,
      36,
      24,
      22,
      31,
      1,
      28,
      14,
      9,
      5,
      4,
      15,
      29,
      35,
      38,
      0,
      16,
      19,
      3,
      20,
      26,
      7,
      27,
      37
    ],
    "distancia": 158.05927662845477,
    "tiempo": 2.560993194580078
  },
  "aco": {
    "ruta": [
      20,
      7,
      26,
      33,
      39,
      22,
      31,
      15,
      29,
      24,
      17,
      8,
      18,
      2,
      32,
      34,
      21,
      11,
      23,
      30,
      6,
      36,
      9,
      14,
      5,
      4,
      28,
      1,
      35,
      38,
      0,
      16,
      12,
      25,
      10,
      13,
      19,
      3,
      37,
      27,
      20
    ],
    "distancia": 152.74474439601218,
    "tiempo": 64.29639101028442
  }
}