{"genetico": {"ruta": [108, 93, 137, 199, 15, 181, 47, 9, 77, 150, 119, 87, 161, 38, 56, 196, 98, 178, 3, 100, 80, 170, 14, 41, 102, 159, 65, 138, 5, 7, 17, 167, 172, 142, 34, 61, 194, 157, 132, 141, 10, 52, 54, 127, 146, 0, 197, 193, 123, 183, 124, 42, 180, 131, 33, 24, 139, 90, 112, 91, 175, 160, 59, 45, 89, 79, 184, 66, 171, 121, 182, 21, 173, 1, 39, 114, 37, 148, 25, 83, 134, 140, 118, 13, 62, 122, 179, 116, 151, 36, 75, 68, 106, 149, 48, 92, 166, 133, 81, 58, 19, 43, 35, 67, 32, 198, 69, 163, 107, 164, 4, 12, 192, 174, 187, 74, 169, 144, 72, 26, 50, 55, 190, 27, 158, 177, 113, 94, 85, 64, 40, 70, 176, 44, 191, 18, 143, 8, 168, 99, 154, 136, 125, 103, 189, 110, 96, 76, 97, 129, 11, 57, 105, 185, 23, 155, 51, 49, 109, 152, 156, 186, 30, 120, 60, 71, 188, 2, 117, 195, 104, 46, 73, 111, 86, 88, 128, 162, 126, 115, 6, 63, 53, 20, 82, 84, 28, 135, 130, 153, 22, 16, 145, 29, 95, 147, 101, 165, 31, 78], "distancia": 1706.515527546726, "tiempo": 12.990333795547485}, "aco": {"ruta": [11, 62, 8, 0, 113, 99, 35, 153, 119, 177, 45, 89, 29, 52, 146, 137, 77, 20, 101, 132, 81, 179, 160, 33, 100, 193, 76, 196, 44, 123, 181, 4, 185, 198, 191, 19, 90, 3, 87, 57, 34, 1, 14, 86, 110, 128, 162, 48, 30, 115, 105, 41, 189, 60, 17, 6, 22, 98, 63, 65, 16, 138, 161, 92, 166, 61, 170, 88, 133, 39, 10, 167, 124, 91, 106, 2, 37, 126, 25, 164, 114, 42, 21, 129, 163, 183, 71, 74, 169, 188, 144, 40, 58, 7, 43, 147, 176, 27, 104, 199, 142, 120, 156, 186, 130, 70, 108, 36, 149, 116, 5, 80, 68, 32, 141, 72, 69, 136, 109, 67, 148, 38, 51, 12, 26, 84, 135, 187, 190, 78, 54, 55, 53, 117, 9, 127, 28, 64, 121, 75, 83, 94, 50, 125, 103, 171, 174, 93, 150, 15, 192, 165, 31, 195, 152, 140, 24, 173, 145, 49, 178, 79, 134, 85, 182, 46, 122, 102, 111, 131, 172, 96, 112, 18, 180, 184, 95, 107, 97, 73, 197, 66, 82, 47, 59, 159, 175, 157, 194, 151, 158, 56, 118, 13, 155, 23, 168, 154, 143, 139, 11], "distancia": 295.241289698498, "tiempo": 510.70717334747314}}