{
  "genetico": {
    "ruta": [
      70,
      86,
      134,
      111,
      6,
      19,
      46,
      27,
      23,
      106,
      129,
      169,
      33,
      88,
      146,
      194,
      125,
      99,
      159,
      135,
      65,
      9,
      36,
      69,
      148,
      172,
      199,
      152,
      20,
      154,
      147,
      75,
      112,
      100,
      101,
      64,
      71,
      39,
      72,
      1,
      104,
      25,
      105,
      56,
      3,
      53,
      150,
      171,
      68,
      15,
      93,
      55,
      79,
      7,
      14,
      21,
      115,
      95,
      161,
      90,
      182,
      44,
      179,
      157,
      120,
      67,
      138,
      126,
      38,
      109,
      186,
      124,
      91,
      103,
      5,
      166,
      170,
      97,
      76,
      96,
      136,
      24,
      34,
      98,
      28,
      107,
      17,
      4,
      87,
      176,
      121,
      83,
      164,
      189,
      185,
      32,
      78,
      85,
      158,
      183,
      18,
      10,
      30,
      178,
      198,
      54,
      49,
      163,
      192,
      50,
      122,
      13,
      118,
      11,
      113,
      58,
      42,
      144,
      116,
      48,
      123,
      128,
      167,
      37,
      0,
      168,
      196,
      175,
      162,
      61,
      133,
      22,
      94,
      174,
      156,
      130,
      31,
      12,
      26,
      47,
      188,
      77,
      137,
      102,
      40,
      180,
      41,
      80,
      63,
      59,
      119,
      29,
      35,
      89,
      52,
      153,
      155,
      165,
      151,
      131,
      160,
      81,
      184,
      43,
      84,
      139,
      190,
      145,
      110,
      187,
      195,
      142,
      127,
      62,
      143,
      8,
      108,
      177,
      140,
      45,
      132,
      73,
      173,
      51,
      149,
      181,
      197,
      57,
      92,
      74,
      141,
      2,
      16,
      193,
      117,
      82,
      191,
      66,
      114,
      60
    ],
    "distancia": 1698.3977807180174,
    "tiempo": 27.06801724433899
  },
  "aco": {
    "ruta": [
      171,
      174,
      93,
      150,
      103,
      125,
      50,
      64,
      121,
      28,
      127,
      9,
      117,
      53,
      165,
      31,
      195,
      54,
      78,
      190,
      55,
      187,
      135,
      84,
      26,
      12,
      83,
      94,
      75,
      51,
      38,
      148,
      67,
      109,
      136,
      199,
      142,
      120,
      156,
      186,
      130,
      70,
      108,
      72,
      36,
      149,
      116,
      5,
      80,
      68,
      32,
      141,
      69,
      104,
      27,
      176,
      43,
      7,
      144,
      172,
      131,
      96,
      111,
      44,
      196,
      76,
      102,
      179,
      100,
      193,
      160,
      33,
      132,
      81,
      101,
      20,
      77,
      137,
      146,
      29,
      52,
      89,
      45,
      113,
      99,
      35,
      153,
      11,
      177,
      119,
      62,
      8,
      0,
      143,
      139,
      155,
      23,
      168,
      154,
      47,
      82,
      66,
      197,
      73,
      181,
      123,
      4,
      185,
      198,
      18,
      112,
      169,
      1,
      14,
      86,
      110,
      128,
      162,
      48,
      30,
      115,
      105,
      41,
      189,
      34,
      90,
      191,
      180,
      184,
      95,
      107,
      97,
      6,
      19,
      17,
      57,
      22,
      98,
      87,
      58,
      188,
      3,
      163,
      129,
      183,
      71,
      74,
      60,
      21,
      42,
      164,
      114,
      63,
      65,
      16,
      138,
      161,
      92,
      166,
      61,
      170,
      88,
      133,
      39,
      10,
      167,
      124,
      91,
      106,
      2,
      37,
      126,
      25,
      40,
      147,
      79,
      134,
      85,
      182,
      46,
      122,
      59,
      159,
      175,
      157,
      194,
      24,
      173,
      145,
      49,
      178,
      152,
      140,
      151,
      158,
      56,
      13,
      118,
      15,
      192,
      171
    ],
    "distancia": 299.29691109962033,
    "tiempo": 1248.3788645267487
  }
}